T恤	mixed
U盘	mixed
plumber	en
puzzle	en
一月	zh
一点	zh
七月	zh
七点	zh
三明治	zh
三月	zh
三点	zh
三角形	zh
上	zh
上升	zh
上午	zh
上海	zh
下	zh
下午	zh
下巴	zh
下降	zh
下雨	zh
下雪	zh
丑	zh
专注	zh
丘陵	zh
东京	zh
丝瓜	zh
丢	zh
两点	zh
中午	zh
中国	zh
主管	zh
主要	zh
乌鸦	zh
乌龟	zh
乐器	zh
乒乓球	zh
乘客	zh
九月	zh
九点	zh
书	zh
书包	zh
书架	zh
书桌	zh
买	zh
二月	zh
二胡	zh
云	zh
云计算	zh
互联网	zh
五月	zh
五点	zh
亚洲	zh
交换机	zh
亲情	zh
人工智能	zh
仇恨	zh
仙鹤	zh
企鹅	zh
伏特加	zh
休息	zh
休闲裤	zh
会计	zh
伞	zh
伦敦	zh
低	zh
体育	zh
体育馆	zh
作家	zh
侄女	zh
侄子	zh
侦探	zh
俄罗斯	zh
保姆	zh
保安	zh
保洁	zh
信仰	zh
信件	zh
借	zh
假期	zh
做饭	zh
停止	zh
停车场	zh
儿子	zh
兄弟	zh
兔子	zh
八月	zh
八点	zh
公交站	zh
公交车	zh
公园	zh
公寓	zh
公正	zh
六月	zh
六点	zh
关	zh
兴奋	zh
内存卡	zh
写	zh
农民	zh
冬天	zh
冬瓜	zh
冰	zh
冰块	zh
冰山	zh
冰川	zh
冰淇淋	zh
冰箱	zh
冰雹	zh
决定	zh
冷	zh
凉爽	zh
凉鞋	zh
凌乱	zh
凌晨	zh
减慢	zh
凳子	zh
出	zh
出租车	zh
出纳	zh
刀	zh
切	zh
别墅	zh
刮风	zh
刷	zh
前进	zh
剧院	zh
剪刀	zh
加快	zh
加拿大	zh
加油站	zh
助理	zh
勺子	zh
包	zh
包子	zh
化学	zh
北京	zh
北美洲	zh
区块链	zh
医学	zh
医生	zh
医院	zh
十月	zh
十点	zh
半岛	zh
半身裙	zh
卖	zh
南京	zh
南极洲	zh
南瓜	zh
南美洲	zh
卡片	zh
卡车	zh
卧室	zh
卫衣	zh
印尼	zh
印度	zh
历史	zh
厌恶	zh
厚	zh
厦门	zh
厨师	zh
厨房	zh
去	zh
友情	zh
发票	zh
叔叔	zh
变色龙	zh
口罩	zh
叫	zh
可乐	zh
台灯	zh
台球	zh
台风	zh
叶子	zh
司机	zh
吃	zh
合同	zh
合肥	zh
吉他	zh
吊灯	zh
同事	zh
同学	zh
同情	zh
同意	zh
名片	zh
后退	zh
听	zh
吵闹	zh
员工	zh
周一	zh
周三	zh
周二	zh
周五	zh
周六	zh
周四	zh
周日	zh
周末	zh
和平	zh
咖啡	zh
咖喱	zh
咸菜	zh
哈密瓜	zh
哥哥	zh
哭	zh
哲学	zh
唱	zh
商业	zh
商人	zh
商场	zh
商店	zh
啤酒	zh
喜鹊	zh
喝	zh
嘴唇	zh
嘴巴	zh
四月	zh
四点	zh
回	zh
困倦	zh
困惑	zh
困难	zh
围巾	zh
国家	zh
国王	zh
图书馆	zh
圆形	zh
圆的	zh
土	zh
土壤	zh
土豆	zh
地图	zh
地板	zh
地毯	zh
地理	zh
地铁	zh
地铁站	zh
地震	zh
坏	zh
坐	zh
垃圾桶	zh
培根	zh
墙壁	zh
增强现实	zh
墨镜	zh
壁灯	zh
士兵	zh
处方	zh
复杂	zh
夏天	zh
外公	zh
外卖员	zh
外套	zh
外婆	zh
多云	zh
多伦多	zh
大	zh
大U盘	mixed
大一月	zh
大三月	zh
大丝瓜	zh
大主管	zh
大乘客	zh
大九月	zh
大二月	zh
大二胡	zh
大儿子	zh
大八月	zh
大公正	zh
大兴奋	zh
大冬瓜	zh
大冰川	zh
大决定	zh
大凌乱	zh
大凌晨	zh
大剪刀	zh
大勺子	zh
大医学	zh
大医院	zh
大半岛	zh
大卡片	zh
大厨师	zh
大发票	zh
大可乐	zh
大同学	zh
大同意	zh
大后退	zh
大吵闹	zh
大咸菜	zh
大哲学	zh
大商店	zh
大嘴巴	zh
大围巾	zh
大土壤	zh
大地毯	zh
大地铁	zh
大地震	zh
大复杂	zh
大多云	zh
大大楼	zh
大大脑	zh
大大衣	zh
大天气	zh
大天鹅	zh
大太阳	zh
大失望	zh
大女王	zh
大奶奶	zh
大娃娃	zh
大学校	zh
大客厅	zh
大害怕	zh
大家庭	zh
大寂寞	zh
大少年	zh
大尖的	zh
大山药	zh
大巴黎	zh
大希望	zh
大平原	zh
大平板	zh
大年糕	zh
大德国	zh
大恐惧	zh
大悉尼	zh
大惊讶	zh
大愤怒	zh
大戒指	zh
大战争	zh
大打雷	zh
大报纸	zh
大担心	zh
大拖鞋	zh
大指甲	zh
大排球	zh
大教育	zh
大数据	zh
大整齐	zh
大文学	zh
大方形	zh
大早上	zh
大明亮	zh
大星期	zh
大春天	zh
大晴天	zh
大曲线	zh
大朋友	zh
大本子	zh
大杂志	zh
大杯子	zh
大枇杷	zh
大枕头	zh
大果酱	zh
大柠檬	zh
大柿子	zh
大桑葚	zh
大椅子	zh
大楼	zh
大榨菜	zh
大汤圆	zh
大沙子	zh
大沙拉	zh
大河马	zh
大法官	zh
大洋洲	zh
大海豚	zh
大深夜	zh
大深色	zh
大游艇	zh
大火焰	zh
大烟花	zh
大烤鱼	zh
大熊猫	zh
大特别	zh
大狐狸	zh
大猪肉	zh
大猴子	zh
大玩具	zh
大生物	zh
大电工	zh
大电脑	zh
大男人	zh
大痛苦	zh
大白天	zh
大白色	zh
大白酒	zh
大盒子	zh
大直线	zh
大眉毛	zh
大眼睛	zh
大砧板	zh
大礼物	zh
大福州	zh
大立体	zh
大竹笋	zh
大粗的	zh
大粽子	zh
大红色	zh
大细的	zh
大经理	zh
大绝望	zh
大继续	zh
大绷带	zh
大绿色	zh
大网站	zh
大网页	zh
大羊肉	zh
大美术	zh
大羞愧	zh
大老师	zh
大老鹰	zh
大脑	zh
大腐竹	zh
大自由	zh
大舌头	zh
大芋头	zh
大花园	zh
大苏州	zh
大草莓	zh
大葡萄	zh
大葱	zh
大蒜	zh
大蓝色	zh
大蛋糕	zh
大蜘蛛	zh
大蜜蜂	zh
大血管	zh
大街道	zh
大衣	zh
大衣服	zh
大裙子	zh
大西安	zh
大西瓜	zh
大记者	zh
大证书	zh
大象	zh
大超市	zh
大路人	zh
大连	zh
大透明	zh
大道歉	zh
大邻居	zh
大酸奶	zh
大重要	zh
大钢琴	zh
大铲子	zh
大长城	zh
大长沙	zh
大阿姨	zh
大隧道	zh
大难看	zh
大雕塑	zh
大雪花	zh
大霜冻	zh
大青岛	zh
大项链	zh
大顾问	zh
大香肠	zh
大骨头	zh
大高兴	zh
大鸭蛋	zh
大鹅蛋	zh
大黄山	zh
大黄瓜	zh
大黄酒	zh
大龙虾	zh
天安门	zh
天气	zh
天津	zh
天空	zh
天花板	zh
天鹅	zh
太平洋	zh
太阳	zh
失望	zh
头	zh
头发	zh
夹克	zh
奖品	zh
奖杯	zh
奖牌	zh
女人	zh
女儿	zh
女孩	zh
女王	zh
奶奶	zh
奶酪	zh
好	zh
好U盘	mixed
好一月	zh
好三月	zh
好丝瓜	zh
好主管	zh
好乘客	zh
好九月	zh
好二月	zh
好二胡	zh
好儿子	zh
好八月	zh
好公正	zh
好兴奋	zh
好冬瓜	zh
好冰川	zh
好决定	zh
好凌乱	zh
好凌晨	zh
好剪刀	zh
好勺子	zh
好医学	zh
好医院	zh
好半岛	zh
好卡片	zh
好厨师	zh
好发票	zh
好可乐	zh
好同学	zh
好同意	zh
好后退	zh
好吵闹	zh
好咸菜	zh
好哲学	zh
好商店	zh
好嘴巴	zh
好围巾	zh
好土壤	zh
好地毯	zh
好地铁	zh
好地震	zh
好复杂	zh
好多云	zh
好大楼	zh
好大脑	zh
好大衣	zh
好天气	zh
好天鹅	zh
好太阳	zh
好失望	zh
好奇	zh
好女王	zh
好奶奶	zh
好娃娃	zh
好学校	zh
好客厅	zh
好害怕	zh
好家庭	zh
好寂寞	zh
好少年	zh
好尖的	zh
好山药	zh
好巴黎	zh
好希望	zh
好平原	zh
好平板	zh
好年糕	zh
好德国	zh
好恐惧	zh
好悉尼	zh
好惊讶	zh
好愤怒	zh
好戒指	zh
好战争	zh
好打雷	zh
好报纸	zh
好担心	zh
好拖鞋	zh
好指甲	zh
好排球	zh
好教育	zh
好整齐	zh
好文学	zh
好方形	zh
好早上	zh
好明亮	zh
好星期	zh
好春天	zh
好晴天	zh
好曲线	zh
好朋友	zh
好本子	zh
好杂志	zh
好杯子	zh
好枇杷	zh
好枕头	zh
好果酱	zh
好柠檬	zh
好柿子	zh
好桑葚	zh
好椅子	zh
好榨菜	zh
好汤圆	zh
好沙子	zh
好沙拉	zh
好河马	zh
好法官	zh
好海豚	zh
好深夜	zh
好深色	zh
好游艇	zh
好火焰	zh
好烟花	zh
好烤鱼	zh
好熊猫	zh
好特别	zh
好狐狸	zh
好猪肉	zh
好猴子	zh
好玩具	zh
好生物	zh
好电工	zh
好电脑	zh
好男人	zh
好痛苦	zh
好白天	zh
好白色	zh
好白酒	zh
好盒子	zh
好直线	zh
好眉毛	zh
好眼睛	zh
好砧板	zh
好礼物	zh
好福州	zh
好立体	zh
好竹笋	zh
好粗的	zh
好粽子	zh
好红色	zh
好细的	zh
好经理	zh
好绝望	zh
好继续	zh
好绷带	zh
好绿色	zh
好网站	zh
好网页	zh
好羊肉	zh
好美术	zh
好羞愧	zh
好老师	zh
好老鹰	zh
好腐竹	zh
好自由	zh
好舌头	zh
好芋头	zh
好花园	zh
好苏州	zh
好草莓	zh
好葡萄	zh
好蓝色	zh
好蛋糕	zh
好蜘蛛	zh
好蜜蜂	zh
好血管	zh
好街道	zh
好衣服	zh
好裙子	zh
好西安	zh
好西瓜	zh
好记者	zh
好证书	zh
好超市	zh
好路人	zh
好透明	zh
好道歉	zh
好邻居	zh
好酸奶	zh
好重要	zh
好钢琴	zh
好铲子	zh
好长城	zh
好长沙	zh
好阿姨	zh
好隧道	zh
好难看	zh
好雕塑	zh
好雪花	zh
好霜冻	zh
好青岛	zh
好项链	zh
好顾问	zh
好香肠	zh
好骨头	zh
好高兴	zh
好鸭蛋	zh
好鹅蛋	zh
好黄山	zh
好黄瓜	zh
好黄酒	zh
好龙虾	zh
姐妹	zh
姐姐	zh
姑姑	zh
威士忌	zh
娃娃	zh
婚姻	zh
婴儿	zh
嫉妒	zh
孔雀	zh
字典	zh
季节	zh
孤独	zh
学习	zh
学校	zh
学生	zh
宇航员	zh
安逸	zh
安静	zh
宗教	zh
客厅	zh
客户	zh
宫保鸡丁	zh
害怕	zh
家庭	zh
容易	zh
宽	zh
寂寞	zh
导游	zh
寿司	zh
小	zh
小U盘	mixed
小一月	zh
小三月	zh
小丝瓜	zh
小主管	zh
小乘客	zh
小九月	zh
小二月	zh
小二胡	zh
小偷	zh
小儿子	zh
小八月	zh
小公正	zh
小兴奋	zh
小冬瓜	zh
小冰川	zh
小决定	zh
小凌乱	zh
小凌晨	zh
小剪刀	zh
小勺子	zh
小医学	zh
小医院	zh
小半岛	zh
小卡片	zh
小厨师	zh
小发票	zh
小可乐	zh
小同学	zh
小同意	zh
小后退	zh
小吵闹	zh
小咸菜	zh
小哲学	zh
小商店	zh
小嘴巴	zh
小围巾	zh
小土壤	zh
小地毯	zh
小地铁	zh
小地震	zh
小复杂	zh
小多云	zh
小大楼	zh
小大脑	zh
小大衣	zh
小天气	zh
小天鹅	zh
小太阳	zh
小失望	zh
小女王	zh
小奶奶	zh
小娃娃	zh
小学校	zh
小孩	zh
小客厅	zh
小害怕	zh
小家庭	zh
小寂寞	zh
小少年	zh
小尖的	zh
小山药	zh
小巴黎	zh
小希望	zh
小平原	zh
小平板	zh
小年糕	zh
小德国	zh
小恐惧	zh
小悉尼	zh
小惊讶	zh
小愤怒	zh
小戒指	zh
小战争	zh
小打雷	zh
小报纸	zh
小担心	zh
小拖鞋	zh
小指甲	zh
小排球	zh
小提琴	zh
小教育	zh
小整齐	zh
小文学	zh
小方形	zh
小早上	zh
小明亮	zh
小星期	zh
小春天	zh
小晴天	zh
小曲线	zh
小朋友	zh
小本子	zh
小杂志	zh
小杯子	zh
小枇杷	zh
小枕头	zh
小果酱	zh
小柠檬	zh
小柿子	zh
小桑葚	zh
小椅子	zh
小榨菜	zh
小汤圆	zh
小沙子	zh
小沙拉	zh
小河马	zh
小法官	zh
小海豚	zh
小深夜	zh
小深色	zh
小游艇	zh
小火焰	zh
小烟花	zh
小烤鱼	zh
小熊猫	zh
小特别	zh
小狐狸	zh
小猪肉	zh
小猴子	zh
小玩具	zh
小生物	zh
小电工	zh
小电脑	zh
小男人	zh
小痛苦	zh
小白天	zh
小白色	zh
小白酒	zh
小盒子	zh
小直线	zh
小眉毛	zh
小眼睛	zh
小砧板	zh
小礼物	zh
小福州	zh
小立体	zh
小竹笋	zh
小粗的	zh
小粽子	zh
小红色	zh
小细的	zh
小经理	zh
小绝望	zh
小继续	zh
小绷带	zh
小绿色	zh
小网站	zh
小网页	zh
小羊肉	zh
小美术	zh
小羞愧	zh
小老师	zh
小老鹰	zh
小腐竹	zh
小自由	zh
小舌头	zh
小芋头	zh
小花园	zh
小苏州	zh
小草莓	zh
小葡萄	zh
小蓝色	zh
小蛋糕	zh
小蜘蛛	zh
小蜜蜂	zh
小血管	zh
小街道	zh
小衣服	zh
小裙子	zh
小西安	zh
小西瓜	zh
小记者	zh
小证书	zh
小超市	zh
小路人	zh
小透明	zh
小道歉	zh
小邻居	zh
小酸奶	zh
小重要	zh
小钢琴	zh
小铲子	zh
小长城	zh
小长沙	zh
小阿姨	zh
小隧道	zh
小难看	zh
小雕塑	zh
小雪花	zh
小霜冻	zh
小青岛	zh
小项链	zh
小顾问	zh
小香肠	zh
小骨头	zh
小高兴	zh
小鸭蛋	zh
小鹅蛋	zh
小黄山	zh
小黄瓜	zh
小黄酒	zh
小龙虾	zh
少年	zh
尖的	zh
尴尬	zh
尺子	zh
山	zh
山楂	zh
山药	zh
岛屿	zh
岩石	zh
峡谷	zh
工人	zh
工作	zh
工作日	zh
工程	zh
工程师	zh
巧克力	zh
巴西	zh
巴黎	zh
布丁	zh
希望	zh
带鱼	zh
常见	zh
帽子	zh
干净	zh
干燥	zh
平原	zh
平板	zh
平等	zh
平静	zh
平面	zh
年糕	zh
年轻	zh
幸福	zh
广场	zh
广州	zh
床	zh
床单	zh
应用	zh
建筑	zh
开	zh
开始	zh
开心	zh
弟弟	zh
彩色	zh
彩虹	zh
律师	zh
德国	zh
心形	zh
心理学	zh
心脏	zh
志愿者	zh
快	zh
快U盘	mixed
快一月	zh
快三月	zh
快丝瓜	zh
快主管	zh
快乐	zh
快乘客	zh
快九月	zh
快二月	zh
快二胡	zh
快儿子	zh
快八月	zh
快公正	zh
快兴奋	zh
快冬瓜	zh
快冰川	zh
快决定	zh
快凌乱	zh
快凌晨	zh
快剪刀	zh
快勺子	zh
快医学	zh
快医院	zh
快半岛	zh
快卡片	zh
快厨师	zh
快发票	zh
快可乐	zh
快同学	zh
快同意	zh
快后退	zh
快吵闹	zh
快咸菜	zh
快哲学	zh
快商店	zh
快嘴巴	zh
快围巾	zh
快土壤	zh
快地毯	zh
快地铁	zh
快地震	zh
快复杂	zh
快多云	zh
快大楼	zh
快大脑	zh
快大衣	zh
快天气	zh
快天鹅	zh
快太阳	zh
快失望	zh
快女王	zh
快奶奶	zh
快娃娃	zh
快学校	zh
快客厅	zh
快害怕	zh
快家庭	zh
快寂寞	zh
快少年	zh
快尖的	zh
快山药	zh
快巴黎	zh
快希望	zh
快平原	zh
快平板	zh
快年糕	zh
快德国	zh
快恐惧	zh
快悉尼	zh
快惊讶	zh
快愤怒	zh
快戒指	zh
快战争	zh
快打雷	zh
快报纸	zh
快担心	zh
快拖鞋	zh
快指甲	zh
快排球	zh
快教育	zh
快整齐	zh
快文学	zh
快方形	zh
快早上	zh
快明亮	zh
快星期	zh
快春天	zh
快晴天	zh
快曲线	zh
快朋友	zh
快本子	zh
快杂志	zh
快杯子	zh
快枇杷	zh
快枕头	zh
快果酱	zh
快柠檬	zh
快柿子	zh
快桑葚	zh
快椅子	zh
快榨菜	zh
快汤圆	zh
快沙子	zh
快沙拉	zh
快河马	zh
快法官	zh
快海豚	zh
快深夜	zh
快深色	zh
快游艇	zh
快火焰	zh
快烟花	zh
快烤鱼	zh
快熊猫	zh
快特别	zh
快狐狸	zh
快猪肉	zh
快猴子	zh
快玩具	zh
快生物	zh
快电工	zh
快电脑	zh
快男人	zh
快痛苦	zh
快白天	zh
快白色	zh
快白酒	zh
快盒子	zh
快直线	zh
快眉毛	zh
快眼睛	zh
快砧板	zh
快礼物	zh
快福州	zh
快立体	zh
快竹笋	zh
快粗的	zh
快粽子	zh
快红色	zh
快细的	zh
快经理	zh
快绝望	zh
快继续	zh
快绷带	zh
快绿色	zh
快网站	zh
快网页	zh
快羊肉	zh
快美术	zh
快羞愧	zh
快老师	zh
快老鹰	zh
快腐竹	zh
快自由	zh
快舌头	zh
快芋头	zh
快花园	zh
快苏州	zh
快草莓	zh
快葡萄	zh
快蓝色	zh
快蛋糕	zh
快蜘蛛	zh
快蜜蜂	zh
快血管	zh
快街道	zh
快衣服	zh
快裙子	zh
快西安	zh
快西瓜	zh
快记者	zh
快证书	zh
快超市	zh
快路人	zh
快透明	zh
快递员	zh
快道歉	zh
快邻居	zh
快酸奶	zh
快重要	zh
快钢琴	zh
快铲子	zh
快长城	zh
快长沙	zh
快阿姨	zh
快隧道	zh
快难看	zh
快雕塑	zh
快雪花	zh
快霜冻	zh
快青岛	zh
快项链	zh
快顾问	zh
快香肠	zh
快骨头	zh
快高兴	zh
快鸭蛋	zh
快鹅蛋	zh
快黄山	zh
快黄瓜	zh
快黄酒	zh
快龙虾	zh
思考	zh
总理	zh
总统	zh
恐惧	zh
恼火	zh
悉尼	zh
悲伤	zh
惊讶	zh
意大利	zh
感动	zh
感激	zh
感谢	zh
愤怒	zh
慢	zh
成年人	zh
成都	zh
戒指	zh
战争	zh
房子	zh
扁的	zh
扁豆	zh
手	zh
手套	zh
手指	zh
手机	zh
手电筒	zh
手臂	zh
手表	zh
手镯	zh
打	zh
打印机	zh
打扫	zh
打雷	zh
扫	zh
扫帚	zh
扫描仪	zh
找	zh
技术	zh
护士	zh
报纸	zh
披萨	zh
抱	zh
担心	zh
拉	zh
拉面	zh
拐杖	zh
拒绝	zh
拖把	zh
拖拉机	zh
拖鞋	zh
拿	zh
指甲	zh
捡	zh
排球	zh
探险家	zh
接	zh
推	zh
摄影师	zh
摩托车	zh
擦	zh
收据	zh
放	zh
放松	zh
政治	zh
故宫	zh
救护车	zh
教授	zh
教练	zh
教育	zh
敬佩	zh
数学	zh
数据库	zh
整理	zh
整齐	zh
文凭	zh
文化	zh
文学	zh
斑马	zh
新	zh
新U盘	mixed
新一月	zh
新三月	zh
新丝瓜	zh
新主管	zh
新乘客	zh
新九月	zh
新二月	zh
新二胡	zh
新儿子	zh
新八月	zh
新公正	zh
新兴奋	zh
新冬瓜	zh
新冰川	zh
新决定	zh
新凌乱	zh
新凌晨	zh
新剪刀	zh
新加坡	zh
新勺子	zh
新医学	zh
新医院	zh
新半岛	zh
新卡片	zh
新厨师	zh
新发票	zh
新可乐	zh
新同学	zh
新同意	zh
新后退	zh
新吵闹	zh
新咸菜	zh
新哲学	zh
新商店	zh
新嘴巴	zh
新围巾	zh
新土壤	zh
新地毯	zh
新地铁	zh
新地震	zh
新复杂	zh
新多云	zh
新大楼	zh
新大脑	zh
新大衣	zh
新天气	zh
新天鹅	zh
新太阳	zh
新失望	zh
新女王	zh
新奶奶	zh
新娃娃	zh
新学校	zh
新客厅	zh
新害怕	zh
新家庭	zh
新寂寞	zh
新少年	zh
新尖的	zh
新山药	zh
新巴黎	zh
新希望	zh
新平原	zh
新平板	zh
新年糕	zh
新德国	zh
新恐惧	zh
新悉尼	zh
新惊讶	zh
新愤怒	zh
新戒指	zh
新战争	zh
新打雷	zh
新报纸	zh
新担心	zh
新拖鞋	zh
新指甲	zh
新排球	zh
新教育	zh
新整齐	zh
新文学	zh
新方形	zh
新早上	zh
新明亮	zh
新星期	zh
新春天	zh
新晴天	zh
新曲线	zh
新朋友	zh
新本子	zh
新杂志	zh
新杯子	zh
新枇杷	zh
新枕头	zh
新果酱	zh
新柠檬	zh
新柿子	zh
新桑葚	zh
新椅子	zh
新榨菜	zh
新汤圆	zh
新沙子	zh
新沙拉	zh
新河马	zh
新法官	zh
新海豚	zh
新深夜	zh
新深色	zh
新游艇	zh
新火焰	zh
新烟花	zh
新烤鱼	zh
新熊猫	zh
新特别	zh
新狐狸	zh
新猪肉	zh
新猴子	zh
新玩具	zh
新生物	zh
新电工	zh
新电脑	zh
新男人	zh
新痛苦	zh
新白天	zh
新白色	zh
新白酒	zh
新盒子	zh
新直线	zh
新眉毛	zh
新眼睛	zh
新砧板	zh
新礼物	zh
新福州	zh
新立体	zh
新竹笋	zh
新粗的	zh
新粽子	zh
新红色	zh
新细的	zh
新经理	zh
新绝望	zh
新继续	zh
新绷带	zh
新绿色	zh
新网站	zh
新网页	zh
新羊肉	zh
新美术	zh
新羞愧	zh
新老师	zh
新老鹰	zh
新腐竹	zh
新自由	zh
新舌头	zh
新芋头	zh
新花园	zh
新苏州	zh
新草莓	zh
新葡萄	zh
新蓝色	zh
新蛋糕	zh
新蜘蛛	zh
新蜜蜂	zh
新血管	zh
新街道	zh
新衣服	zh
新裙子	zh
新西安	zh
新西瓜	zh
新记者	zh
新证书	zh
新超市	zh
新路人	zh
新透明	zh
新道歉	zh
新邻居	zh
新酸奶	zh
新重要	zh
新钢琴	zh
新铲子	zh
新长城	zh
新长沙	zh
新阿姨	zh
新隧道	zh
新难看	zh
新雕塑	zh
新雪花	zh
新霜冻	zh
新青岛	zh
新项链	zh
新顾问	zh
新香肠	zh
新骨头	zh
新高兴	zh
新鸭蛋	zh
新鹅蛋	zh
新黄山	zh
新黄瓜	zh
新黄酒	zh
新龙虾	zh
方形	zh
旅行	zh
无人机	zh
无聊	zh
无花果	zh
日历	zh
日本	zh
旧	zh
旧U盘	mixed
旧一月	zh
旧三月	zh
旧丝瓜	zh
旧主管	zh
旧乘客	zh
旧九月	zh
旧二月	zh
旧二胡	zh
旧儿子	zh
旧八月	zh
旧公正	zh
旧兴奋	zh
旧冬瓜	zh
旧冰川	zh
旧决定	zh
旧凌乱	zh
旧凌晨	zh
旧剪刀	zh
旧勺子	zh
旧医学	zh
旧医院	zh
旧半岛	zh
旧卡片	zh
旧厨师	zh
旧发票	zh
旧可乐	zh
旧同学	zh
旧同意	zh
旧后退	zh
旧吵闹	zh
旧咸菜	zh
旧哲学	zh
旧商店	zh
旧嘴巴	zh
旧围巾	zh
旧土壤	zh
旧地毯	zh
旧地铁	zh
旧地震	zh
旧复杂	zh
旧多云	zh
旧大楼	zh
旧大脑	zh
旧大衣	zh
旧天气	zh
旧天鹅	zh
旧太阳	zh
旧失望	zh
旧女王	zh
旧奶奶	zh
旧娃娃	zh
旧学校	zh
旧客厅	zh
旧害怕	zh
旧家庭	zh
旧寂寞	zh
旧少年	zh
旧尖的	zh
旧山药	zh
旧巴黎	zh
旧希望	zh
旧平原	zh
旧平板	zh
旧年糕	zh
旧德国	zh
旧恐惧	zh
旧悉尼	zh
旧惊讶	zh
旧愤怒	zh
旧戒指	zh
旧战争	zh
旧打雷	zh
旧报纸	zh
旧担心	zh
旧拖鞋	zh
旧指甲	zh
旧排球	zh
旧教育	zh
旧整齐	zh
旧文学	zh
旧方形	zh
旧早上	zh
旧明亮	zh
旧星期	zh
旧春天	zh
旧晴天	zh
旧曲线	zh
旧朋友	zh
旧本子	zh
旧杂志	zh
旧杯子	zh
旧枇杷	zh
旧枕头	zh
旧果酱	zh
旧柠檬	zh
旧柿子	zh
旧桑葚	zh
旧椅子	zh
旧榨菜	zh
旧汤圆	zh
旧沙子	zh
旧沙拉	zh
旧河马	zh
旧法官	zh
旧海豚	zh
旧深夜	zh
旧深色	zh
旧游艇	zh
旧火焰	zh
旧烟花	zh
旧烤鱼	zh
旧熊猫	zh
旧特别	zh
旧狐狸	zh
旧猪肉	zh
旧猴子	zh
旧玩具	zh
旧生物	zh
旧电工	zh
旧电脑	zh
旧男人	zh
旧痛苦	zh
旧白天	zh
旧白色	zh
旧白酒	zh
旧盒子	zh
旧直线	zh
旧眉毛	zh
旧眼睛	zh
旧砧板	zh
旧礼物	zh
旧福州	zh
旧立体	zh
旧竹笋	zh
旧粗的	zh
旧粽子	zh
旧红色	zh
旧细的	zh
旧经理	zh
旧绝望	zh
旧继续	zh
旧绷带	zh
旧绿色	zh
旧网站	zh
旧网页	zh
旧羊肉	zh
旧美术	zh
旧羞愧	zh
旧老师	zh
旧老鹰	zh
旧腐竹	zh
旧自由	zh
旧舌头	zh
旧芋头	zh
旧花园	zh
旧苏州	zh
旧草莓	zh
旧葡萄	zh
旧蓝色	zh
旧蛋糕	zh
旧蜘蛛	zh
旧蜜蜂	zh
旧血管	zh
旧街道	zh
旧衣服	zh
旧裙子	zh
旧西安	zh
旧西瓜	zh
旧记者	zh
旧证书	zh
旧超市	zh
旧路人	zh
旧透明	zh
旧道歉	zh
旧邻居	zh
旧酸奶	zh
旧重要	zh
旧钢琴	zh
旧铲子	zh
旧长城	zh
旧长沙	zh
旧阿姨	zh
旧隧道	zh
旧难看	zh
旧雕塑	zh
旧雪花	zh
旧霜冻	zh
旧青岛	zh
旧项链	zh
旧顾问	zh
旧香肠	zh
旧骨头	zh
旧高兴	zh
旧鸭蛋	zh
旧鹅蛋	zh
旧黄山	zh
旧黄瓜	zh
旧黄酒	zh
旧龙虾	zh
早	zh
早上	zh
明亮	zh
星形	zh
星星	zh
星期	zh
春天	zh
显示器	zh
晚	zh
晚上	zh
普通	zh
晴天	zh
智能家居	zh
暗淡	zh
曲线	zh
曼谷	zh
月亮	zh
月份	zh
月饼	zh
朋友	zh
服务器	zh
木匠	zh
木瓜	zh
木耳	zh
本子	zh
机器人	zh
机场	zh
杂志	zh
李子	zh
杏子	zh
杏鲍菇	zh
来	zh
杨梅	zh
杭州	zh
杯子	zh
枇杷	zh
枕头	zh
果实	zh
果汁	zh
果酱	zh
柏林	zh
柚子	zh
柠檬	zh
柿子	zh
树	zh
树干	zh
树林	zh
树枝	zh
树皮	zh
核桃仁	zh
根	zh
桃子	zh
桌子	zh
桑葚	zh
桥	zh
梨子	zh
棉衣	zh
棒球	zh
棕色	zh
森林	zh
椅子	zh
椭圆形	zh
椰子	zh
榨菜	zh
榴莲	zh
模型	zh
模糊	zh
樱桃	zh
橘子	zh
橙子	zh
橙色	zh
次要	zh
欣慰	zh
欧洲	zh
歌手	zh
正义	zh
武汉	zh
母亲	zh
毛巾	zh
毛衣	zh
毛豆	zh
民主	zh
民族	zh
气球	zh
水壶	zh
汉堡	zh
江	zh
汤圆	zh
汽车	zh
汽车模型	zh
沙发	zh
沙子	zh
沙尘暴	zh
沙拉	zh
沙滩	zh
沙漠	zh
沮丧	zh
河	zh
河马	zh
油麦菜	zh
泉	zh
法国	zh
法官	zh
法律	zh
法治	zh
泡菜	zh
泥土	zh
泰国	zh
泰山	zh
洋葱	zh
洗	zh
洗衣机	zh
浅色	zh
济南	zh
浴室	zh
浴巾	zh
海	zh
海带	zh
海豚	zh
消防员	zh
消防车	zh
深圳	zh
深夜	zh
深色	zh
清晰	zh
清蒸鱼	zh
温暖	zh
港口	zh
游客	zh
游戏	zh
游艇	zh
湖	zh
溪	zh
滑板车	zh
满意	zh
满足	zh
漂亮	zh
演员	zh
潜艇	zh
潮湿	zh
澳大利亚	zh
激动	zh
瀑布	zh
火	zh
火山	zh
火焰	zh
火箭	zh
火腿	zh
火车	zh
火锅	zh
火龙果	zh
灰尘	zh
灰色	zh
炒	zh
炖	zh
炖牛肉	zh
炸	zh
炸虾	zh
炸鸡	zh
烟花	zh
烤	zh
烤鱼	zh
烤鸡翅	zh
烧烤	zh
热	zh
热狗	zh
焦虑	zh
照片	zh
煮	zh
熊	zh
熊猫	zh
燕子	zh
爱情	zh
父亲	zh
父母	zh
爷爷	zh
牙刷	zh
牙膏	zh
牙齿	zh
牛	zh
牛仔裤	zh
牛奶	zh
牛排	zh
牛油果	zh
牛肉	zh
物理	zh
物联网	zh
特别	zh
犀牛	zh
狐狸	zh
狗	zh
狮子	zh
狼	zh
猕猴桃	zh
猪	zh
猪排	zh
猪肉	zh
猫	zh
猫头鹰	zh
猴子	zh
玩具	zh
玩耍	zh
珊瑚	zh
珠穆朗玛峰	zh
球	zh
球形	zh
理发师	zh
瓶子	zh
甘蔗	zh
生姜	zh
生气	zh
生物	zh
生菜	zh
电动车	zh
电工	zh
电影院	zh
电池	zh
电脑	zh
电视	zh
男人	zh
男孩	zh
画	zh
画家	zh
番茄	zh
疫苗	zh
疲惫	zh
病人	zh
痛苦	zh
白天	zh
白果	zh
白色	zh
白菜	zh
白酒	zh
百香果	zh
皮带	zh
皮肤	zh
皮鞋	zh
盆地	zh
盒子	zh
盘子	zh
直升机	zh
直线	zh
相机	zh
眉毛	zh
看	zh
真理	zh
眼睛	zh
眼镜	zh
睡	zh
睫毛	zh
短	zh
短裤	zh
石头	zh
石榴	zh
研究员	zh
砧板	zh
硬盘	zh
碗	zh
礁石	zh
礼物	zh
社会	zh
祝贺	zh
神经	zh
福州	zh
秋天	zh
种子	zh
科学	zh
科学家	zh
秘书	zh
积木	zh
程序	zh
程序员	zh
空姐	zh
空心菜	zh
空调	zh
窄	zh
窗帘	zh
窗户	zh
立体	zh
立方体	zh
站	zh
竹笋	zh
笑	zh
笔	zh
笔记本	zh
笛子	zh
等	zh
筷子	zh
简单	zh
算法	zh
管理	zh
篮球	zh
米饭	zh
粉色	zh
粗的	zh
粽子	zh
精力充沛	zh
糖果	zh
糖醋排骨	zh
紧张	zh
紫色	zh
紫菜	zh
红U盘	mixed
红一月	zh
红三月	zh
红丝瓜	zh
红主管	zh
红乘客	zh
红九月	zh
红二月	zh
红二胡	zh
红儿子	zh
红八月	zh
红公正	zh
红兴奋	zh
红冬瓜	zh
红冰川	zh
红决定	zh
红凌乱	zh
红凌晨	zh
红剪刀	zh
红勺子	zh
红医学	zh
红医院	zh
红半岛	zh
红卡片	zh
红厨师	zh
红发票	zh
红可乐	zh
红同学	zh
红同意	zh
红后退	zh
红吵闹	zh
红咸菜	zh
红哲学	zh
红商店	zh
红嘴巴	zh
红围巾	zh
红土壤	zh
红地毯	zh
红地铁	zh
红地震	zh
红复杂	zh
红多云	zh
红大楼	zh
红大脑	zh
红大衣	zh
红天气	zh
红天鹅	zh
红太阳	zh
红失望	zh
红女王	zh
红奶奶	zh
红娃娃	zh
红学校	zh
红客厅	zh
红害怕	zh
红家庭	zh
红寂寞	zh
红少年	zh
红尖的	zh
红山药	zh
红巴黎	zh
红希望	zh
红平原	zh
红平板	zh
红年糕	zh
红德国	zh
红恐惧	zh
红悉尼	zh
红惊讶	zh
红愤怒	zh
红戒指	zh
红战争	zh
红打雷	zh
红报纸	zh
红担心	zh
红拖鞋	zh
红指甲	zh
红排球	zh
红教育	zh
红整齐	zh
红文学	zh
红方形	zh
红早上	zh
红明亮	zh
红星期	zh
红春天	zh
红晴天	zh
红曲线	zh
红朋友	zh
红本子	zh
红杂志	zh
红杯子	zh
红枇杷	zh
红枕头	zh
红果酱	zh
红柠檬	zh
红柿子	zh
红桑葚	zh
红椅子	zh
红榨菜	zh
红汤圆	zh
红沙子	zh
红沙拉	zh
红河马	zh
红法官	zh
红海豚	zh
红深夜	zh
红深色	zh
红游艇	zh
红火焰	zh
红烟花	zh
红烤鱼	zh
红烧肉	zh
红熊猫	zh
红特别	zh
红狐狸	zh
红猪肉	zh
红猴子	zh
红玩具	zh
红生物	zh
红电工	zh
红电脑	zh
红男人	zh
红痛苦	zh
红白天	zh
红白色	zh
红白酒	zh
红盒子	zh
红直线	zh
红眉毛	zh
红眼睛	zh
红砧板	zh
红礼物	zh
红福州	zh
红立体	zh
红竹笋	zh
红粗的	zh
红粽子	zh
红红色	zh
红细的	zh
红经理	zh
红绝望	zh
红继续	zh
红绷带	zh
红绿色	zh
红网站	zh
红网页	zh
红羊肉	zh
红美术	zh
红羞愧	zh
红老师	zh
红老鹰	zh
红腐竹	zh
红自由	zh
红舌头	zh
红色	zh
红芋头	zh
红花园	zh
红苏州	zh
红草莓	zh
红葡萄	zh
红蓝色	zh
红薯	zh
红蛋糕	zh
红蜘蛛	zh
红蜜蜂	zh
红血管	zh
红街道	zh
红衣服	zh
红裙子	zh
红西安	zh
红西瓜	zh
红记者	zh
红证书	zh
红超市	zh
红路人	zh
红透明	zh
红道歉	zh
红邻居	zh
红酒	zh
红酸奶	zh
红重要	zh
红钢琴	zh
红铲子	zh
红长城	zh
红长沙	zh
红阿姨	zh
红隧道	zh
红难看	zh
红雕塑	zh
红雪花	zh
红霜冻	zh
红青岛	zh
红项链	zh
红顾问	zh
红香肠	zh
红骨头	zh
红高兴	zh
红鸭蛋	zh
红鹅蛋	zh
红黄山	zh
红黄瓜	zh
红黄酒	zh
红龙虾	zh
纸	zh
纽约	zh
线	zh
细的	zh
经济	zh
经理	zh
结束	zh
给	zh
绝望	zh
继续	zh
绳子	zh
绷带	zh
绿U盘	mixed
绿一月	zh
绿三月	zh
绿丝瓜	zh
绿主管	zh
绿乘客	zh
绿九月	zh
绿二月	zh
绿二胡	zh
绿儿子	zh
绿八月	zh
绿公正	zh
绿兴奋	zh
绿冬瓜	zh
绿冰川	zh
绿决定	zh
绿凌乱	zh
绿凌晨	zh
绿剪刀	zh
绿勺子	zh
绿医学	zh
绿医院	zh
绿半岛	zh
绿卡片	zh
绿厨师	zh
绿发票	zh
绿可乐	zh
绿同学	zh
绿同意	zh
绿后退	zh
绿吵闹	zh
绿咸菜	zh
绿哲学	zh
绿商店	zh
绿嘴巴	zh
绿围巾	zh
绿土壤	zh
绿地毯	zh
绿地铁	zh
绿地震	zh
绿复杂	zh
绿多云	zh
绿大楼	zh
绿大脑	zh
绿大衣	zh
绿天气	zh
绿天鹅	zh
绿太阳	zh
绿失望	zh
绿女王	zh
绿奶奶	zh
绿娃娃	zh
绿学校	zh
绿客厅	zh
绿害怕	zh
绿家庭	zh
绿寂寞	zh
绿少年	zh
绿尖的	zh
绿山药	zh
绿巴黎	zh
绿希望	zh
绿平原	zh
绿平板	zh
绿年糕	zh
绿德国	zh
绿恐惧	zh
绿悉尼	zh
绿惊讶	zh
绿愤怒	zh
绿戒指	zh
绿战争	zh
绿打雷	zh
绿报纸	zh
绿担心	zh
绿拖鞋	zh
绿指甲	zh
绿排球	zh
绿教育	zh
绿整齐	zh
绿文学	zh
绿方形	zh
绿早上	zh
绿明亮	zh
绿星期	zh
绿春天	zh
绿晴天	zh
绿曲线	zh
绿朋友	zh
绿本子	zh
绿杂志	zh
绿杯子	zh
绿枇杷	zh
绿枕头	zh
绿果酱	zh
绿柠檬	zh
绿柿子	zh
绿桑葚	zh
绿椅子	zh
绿榨菜	zh
绿汤圆	zh
绿沙子	zh
绿沙拉	zh
绿河马	zh
绿法官	zh
绿海豚	zh
绿深夜	zh
绿深色	zh
绿游艇	zh
绿火焰	zh
绿烟花	zh
绿烤鱼	zh
绿熊猫	zh
绿特别	zh
绿狐狸	zh
绿猪肉	zh
绿猴子	zh
绿玩具	zh
绿生物	zh
绿电工	zh
绿电脑	zh
绿男人	zh
绿痛苦	zh
绿白天	zh
绿白色	zh
绿白酒	zh
绿盒子	zh
绿直线	zh
绿眉毛	zh
绿眼睛	zh
绿砧板	zh
绿礼物	zh
绿福州	zh
绿立体	zh
绿竹笋	zh
绿粗的	zh
绿粽子	zh
绿红色	zh
绿细的	zh
绿经理	zh
绿绝望	zh
绿继续	zh
绿绷带	zh
绿绿色	zh
绿网站	zh
绿网页	zh
绿羊肉	zh
绿美术	zh
绿羞愧	zh
绿老师	zh
绿老鹰	zh
绿腐竹	zh
绿自由	zh
绿舌头	zh
绿色	zh
绿芋头	zh
绿花园	zh
绿苏州	zh
绿草莓	zh
绿葡萄	zh
绿蓝色	zh
绿蛋糕	zh
绿蜘蛛	zh
绿蜜蜂	zh
绿血管	zh
绿街道	zh
绿衣服	zh
绿裙子	zh
绿西安	zh
绿西瓜	zh
绿记者	zh
绿证书	zh
绿超市	zh
绿路人	zh
绿透明	zh
绿道歉	zh
绿邻居	zh
绿酸奶	zh
绿重要	zh
绿钢琴	zh
绿铲子	zh
绿长城	zh
绿长沙	zh
绿阿姨	zh
绿隧道	zh
绿难看	zh
绿雕塑	zh
绿雪花	zh
绿霜冻	zh
绿青岛	zh
绿项链	zh
绿顾问	zh
绿香肠	zh
绿骨头	zh
绿高兴	zh
绿鸭蛋	zh
绿鹅蛋	zh
绿黄山	zh
绿黄瓜	zh
绿黄酒	zh
绿龙虾	zh
编辑	zh
网球	zh
网站	zh
网络	zh
网页	zh
羊	zh
羊排	zh
羊肉	zh
美	zh
美U盘	mixed
美一月	zh
美三月	zh
美丝瓜	zh
美主管	zh
美乘客	zh
美九月	zh
美二月	zh
美二胡	zh
美儿子	zh
美八月	zh
美公正	zh
美兴奋	zh
美冬瓜	zh
美冰川	zh
美决定	zh
美凌乱	zh
美凌晨	zh
美剪刀	zh
美勺子	zh
美医学	zh
美医院	zh
美半岛	zh
美卡片	zh
美厨师	zh
美发票	zh
美可乐	zh
美同学	zh
美同意	zh
美后退	zh
美吵闹	zh
美咸菜	zh
美哲学	zh
美商店	zh
美嘴巴	zh
美围巾	zh
美国	zh
美土壤	zh
美地毯	zh
美地铁	zh
美地震	zh
美复杂	zh
美多云	zh
美大楼	zh
美大脑	zh
美大衣	zh
美天气	zh
美天鹅	zh
美太阳	zh
美失望	zh
美女王	zh
美奶奶	zh
美娃娃	zh
美学校	zh
美客厅	zh
美害怕	zh
美家庭	zh
美容师	zh
美寂寞	zh
美少年	zh
美尖的	zh
美山药	zh
美巴黎	zh
美希望	zh
美平原	zh
美平板	zh
美年糕	zh
美德	zh
美德国	zh
美恐惧	zh
美悉尼	zh
美惊讶	zh
美愤怒	zh
美戒指	zh
美战争	zh
美打雷	zh
美报纸	zh
美担心	zh
美拖鞋	zh
美指甲	zh
美排球	zh
美教育	zh
美整齐	zh
美文学	zh
美方形	zh
美早上	zh
美明亮	zh
美星期	zh
美春天	zh
美晴天	zh
美曲线	zh
美朋友	zh
美本子	zh
美术	zh
美杂志	zh
美杯子	zh
美枇杷	zh
美枕头	zh
美果酱	zh
美柠檬	zh
美柿子	zh
美桑葚	zh
美椅子	zh
美榨菜	zh
美汤圆	zh
美沙子	zh
美沙拉	zh
美河马	zh
美法官	zh
美海豚	zh
美深夜	zh
美深色	zh
美游艇	zh
美火焰	zh
美烟花	zh
美烤鱼	zh
美熊猫	zh
美特别	zh
美狐狸	zh
美猪肉	zh
美猴子	zh
美玩具	zh
美生物	zh
美电工	zh
美电脑	zh
美男人	zh
美痛苦	zh
美白天	zh
美白色	zh
美白酒	zh
美盒子	zh
美直线	zh
美眉毛	zh
美眼睛	zh
美砧板	zh
美礼物	zh
美福州	zh
美立体	zh
美竹笋	zh
美粗的	zh
美粽子	zh
美红色	zh
美细的	zh
美经理	zh
美绝望	zh
美继续	zh
美绷带	zh
美绿色	zh
美网站	zh
美网页	zh
美羊肉	zh
美美术	zh
美羞愧	zh
美老师	zh
美老鹰	zh
美腐竹	zh
美自由	zh
美舌头	zh
美芋头	zh
美花园	zh
美苏州	zh
美草莓	zh
美葡萄	zh
美蓝色	zh
美蛋糕	zh
美蜘蛛	zh
美蜜蜂	zh
美血管	zh
美街道	zh
美衣服	zh
美裙子	zh
美西安	zh
美西瓜	zh
美记者	zh
美证书	zh
美超市	zh
美路人	zh
美透明	zh
美道歉	zh
美邻居	zh
美酸奶	zh
美重要	zh
美钢琴	zh
美铲子	zh
美长城	zh
美长沙	zh
美阿姨	zh
美隧道	zh
美难看	zh
美雕塑	zh
美雪花	zh
美霜冻	zh
美青岛	zh
美项链	zh
美顾问	zh
美香肠	zh
美骨头	zh
美高兴	zh
美鸭蛋	zh
美鹅蛋	zh
美黄山	zh
美黄瓜	zh
美黄酒	zh
美龙虾	zh
羞愧	zh
羡慕	zh
羽毛球	zh
羽绒服	zh
翻译	zh
老	zh
老人	zh
老师	zh
老板	zh
老虎	zh
老鹰	zh
老鼠	zh
考拉	zh
耳朵	zh
耳机	zh
耳环	zh
肌肉	zh
肚子	zh
肝	zh
肩膀	zh
肺	zh
肾	zh
胃	zh
背	zh
胡萝卜	zh
胶带	zh
胶水	zh
胸口	zh
脏	zh
脖子	zh
脚	zh
脚趾	zh
脸	zh
腊肉	zh
腐竹	zh
腰	zh
腿	zh
膝盖	zh
自由	zh
自行车	zh
自豪	zh
舅舅	zh
舌头	zh
舒适	zh
舞者	zh
艺术	zh
芋头	zh
芒果	zh
花	zh
花园	zh
芹菜	zh
苏州	zh
苦瓜	zh
英国	zh
英语	zh
苹果	zh
茄子	zh
茶	zh
茶几	zh
茼蒿	zh
草	zh
草原	zh
草莓	zh
草鱼	zh
荔枝	zh
药	zh
药店	zh
莫斯科	zh
莲藕	zh
莴笋	zh
菠菜	zh
菠萝	zh
菱形	zh
菲律宾	zh
萝卜	zh
营销	zh
葡萄	zh
葡萄干	zh
蒜蓉西兰花	zh
蒸	zh
蓝U盘	mixed
蓝一月	zh
蓝三月	zh
蓝丝瓜	zh
蓝主管	zh
蓝乘客	zh
蓝九月	zh
蓝二月	zh
蓝二胡	zh
蓝儿子	zh
蓝八月	zh
蓝公正	zh
蓝兴奋	zh
蓝冬瓜	zh
蓝冰川	zh
蓝决定	zh
蓝凌乱	zh
蓝凌晨	zh
蓝剪刀	zh
蓝勺子	zh
蓝医学	zh
蓝医院	zh
蓝半岛	zh
蓝卡片	zh
蓝厨师	zh
蓝发票	zh
蓝可乐	zh
蓝同学	zh
蓝同意	zh
蓝后退	zh
蓝吵闹	zh
蓝咸菜	zh
蓝哲学	zh
蓝商店	zh
蓝嘴巴	zh
蓝围巾	zh
蓝土壤	zh
蓝地毯	zh
蓝地铁	zh
蓝地震	zh
蓝复杂	zh
蓝多云	zh
蓝大楼	zh
蓝大脑	zh
蓝大衣	zh
蓝天气	zh
蓝天鹅	zh
蓝太阳	zh
蓝失望	zh
蓝女王	zh
蓝奶奶	zh
蓝娃娃	zh
蓝学校	zh
蓝客厅	zh
蓝害怕	zh
蓝家庭	zh
蓝寂寞	zh
蓝少年	zh
蓝尖的	zh
蓝山药	zh
蓝巴黎	zh
蓝希望	zh
蓝平原	zh
蓝平板	zh
蓝年糕	zh
蓝德国	zh
蓝恐惧	zh
蓝悉尼	zh
蓝惊讶	zh
蓝愤怒	zh
蓝戒指	zh
蓝战争	zh
蓝打雷	zh
蓝报纸	zh
蓝担心	zh
蓝拖鞋	zh
蓝指甲	zh
蓝排球	zh
蓝教育	zh
蓝整齐	zh
蓝文学	zh
蓝方形	zh
蓝早上	zh
蓝明亮	zh
蓝星期	zh
蓝春天	zh
蓝晴天	zh
蓝曲线	zh
蓝朋友	zh
蓝本子	zh
蓝杂志	zh
蓝杯子	zh
蓝枇杷	zh
蓝枕头	zh
蓝果酱	zh
蓝柠檬	zh
蓝柿子	zh
蓝桑葚	zh
蓝椅子	zh
蓝榨菜	zh
蓝汤圆	zh
蓝沙子	zh
蓝沙拉	zh
蓝河马	zh
蓝法官	zh
蓝海豚	zh
蓝深夜	zh
蓝深色	zh
蓝游艇	zh
蓝火焰	zh
蓝烟花	zh
蓝烤鱼	zh
蓝熊猫	zh
蓝特别	zh
蓝狐狸	zh
蓝猪肉	zh
蓝猴子	zh
蓝玩具	zh
蓝生物	zh
蓝电工	zh
蓝电脑	zh
蓝男人	zh
蓝痛苦	zh
蓝白天	zh
蓝白色	zh
蓝白酒	zh
蓝盒子	zh
蓝直线	zh
蓝眉毛	zh
蓝眼睛	zh
蓝砧板	zh
蓝礼物	zh
蓝福州	zh
蓝立体	zh
蓝竹笋	zh
蓝粗的	zh
蓝粽子	zh
蓝红色	zh
蓝细的	zh
蓝经理	zh
蓝绝望	zh
蓝继续	zh
蓝绷带	zh
蓝绿色	zh
蓝网站	zh
蓝网页	zh
蓝羊肉	zh
蓝美术	zh
蓝羞愧	zh
蓝老师	zh
蓝老鹰	zh
蓝腐竹	zh
蓝自由	zh
蓝舌头	zh
蓝色	zh
蓝芋头	zh
蓝花园	zh
蓝苏州	zh
蓝草莓	zh
蓝莓	zh
蓝葡萄	zh
蓝蓝色	zh
蓝蛋糕	zh
蓝蜘蛛	zh
蓝蜜蜂	zh
蓝血管	zh
蓝街道	zh
蓝衣服	zh
蓝裙子	zh
蓝西安	zh
蓝西瓜	zh
蓝记者	zh
蓝证书	zh
蓝超市	zh
蓝路人	zh
蓝透明	zh
蓝道歉	zh
蓝邻居	zh
蓝酸奶	zh
蓝重要	zh
蓝钢琴	zh
蓝铲子	zh
蓝长城	zh
蓝长沙	zh
蓝阿姨	zh
蓝隧道	zh
蓝难看	zh
蓝雕塑	zh
蓝雪花	zh
蓝霜冻	zh
蓝青岛	zh
蓝项链	zh
蓝顾问	zh
蓝香肠	zh
蓝骨头	zh
蓝高兴	zh
蓝鸭蛋	zh
蓝鹅蛋	zh
蓝黄山	zh
蓝黄瓜	zh
蓝黄酒	zh
蓝龙虾	zh
薄	zh
薯条	zh
蘑菇	zh
虚拟现实	zh
虾	zh
蚂蚁	zh
蚕豆	zh
蚯蚓	zh
蛇	zh
蛋糕	zh
蜂蜜	zh
蜗牛	zh
蜘蛛	zh
蜜蜂	zh
蜥蜴	zh
蜻蜓	zh
蝴蝶	zh
螳螂	zh
蟹	zh
血液	zh
血管	zh
街道	zh
衣服	zh
衣架	zh
衣柜	zh
表	zh
衬衫	zh
袋子	zh
袋鼠	zh
袜子	zh
被子	zh
裁判	zh
裙子	zh
裤子	zh
西安	zh
西湖	zh
西班牙	zh
西瓜	zh
西红柿炒蛋	zh
西装	zh
观众	zh
警察	zh
警车	zh
计划	zh
计算机	zh
记者	zh
设计师	zh
证书	zh
诊所	zh
语文	zh
说	zh
读	zh
豆浆	zh
豆皮	zh
豆腐	zh
豆腐脑	zh
豆芽	zh
豆角	zh
豌豆	zh
豹子	zh
贝壳	zh
购物	zh
走	zh
超市	zh
越南	zh
足球	zh
跑	zh
路人	zh
路由器	zh
跳	zh
躺	zh
车站	zh
轮椅	zh
轮船	zh
软件	zh
辣椒	zh
运动	zh
运动员	zh
运动裤	zh
运动鞋	zh
还	zh
进	zh
连衣裙	zh
迷茫	zh
送	zh
选择	zh
透明	zh
道歉	zh
邻居	zh
郑州	zh
酸奶	zh
酸菜鱼	zh
醒	zh
重庆	zh
重要	zh
金色	zh
金融	zh
金针菇	zh
金鱼	zh
针	zh
钟	zh
钢琴	zh
钥匙	zh
钱包	zh
铁路	zh
铲子	zh
银色	zh
销售	zh
锅	zh
键盘	zh
镜子	zh
长	zh
长城	zh
长方形	zh
长江	zh
长沙	zh
长的	zh
长颈鹿	zh
门	zh
闪电	zh
间谍	zh
闹钟	zh
阴天	zh
阿姨	zh
隧道	zh
难看	zh
难过	zh
雕塑	zh
雨	zh
雪	zh
雪花	zh
雷电	zh
雾	zh
雾霾	zh
震惊	zh
霜	zh
霜冻	zh
露珠	zh
青岛	zh
青年	zh
青梅	zh
青椒	zh
青椒肉丝	zh
青色	zh
青菜	zh
青蛙	zh
非洲	zh
面包	zh
面条	zh
靴子	zh
鞋子	zh
韩国	zh
韭菜	zh
音乐	zh
音箱	zh
项链	zh
顾客	zh
顾问	zh
领带	zh
颜色	zh
风	zh
风筝	zh
风衣	zh
飞机	zh
飞机模型	zh
飞行员	zh
餐厅	zh
餐桌	zh
饺子	zh
饼干	zh
馄饨	zh
馒头	zh
首尔	zh
香槟	zh
香肠	zh
香菇	zh
香菜	zh
香蕉	zh
马	zh
马来西亚	zh
马路	zh
马车	zh
驴	zh
骄傲	zh
骡子	zh
骨头	zh
高	zh
高兴	zh
高原	zh
高尔夫球	zh
高速公路	zh
鱼	zh
鲜艳	zh
鲤鱼	zh
鲨鱼	zh
鲫鱼	zh
鲸鱼	zh
鳄鱼	zh
鸟	zh
鸡	zh
鸡肉	zh
鸡蛋	zh
鸭	zh
鸭蛋	zh
鸽子	zh
鹅	zh
鹅蛋	zh
鹌鹑蛋	zh
鹦鹉	zh
鹿	zh
麦克风	zh
麻婆豆腐	zh
麻辣烫	zh
麻雀	zh
黄山	zh
黄河	zh
黄油	zh
黄瓜	zh
黄色	zh
黄花鱼	zh
黄酒	zh
黎明	zh
黑夜	zh
黑暗	zh
黑色	zh
鼓	zh
鼓励	zh
鼠标	zh
鼻子	zh
龙眼	zh
龙虾	zh
the	en
be	en
and	en
of	en
in	en
to	en
have	en
it	en
he	en
for	en
that	en
not	en
you	en
with	en
on	en
do	en
they	en
say	en
by	en
this	en
she	en
at	en
but	en
we	en
his	en
from	en
which	en
or	en
an	en
will	en
as	en
what	en
would	en
can	en
go	en
their	en
there	en
who	en
all	en
get	en
if	en
her	en
make	en
my	en
about	en
one	en
know	en
see	en
so	en
time	en
up	en
take	en
some	en
when	en
year	en
could	en
think	en
into	en
its	en
them	en
then	en
two	en
me	en
out	en
people	en
come	en
just	en
your	en
now	en
him	en
no	en
other	en
only	en
give	en
good	en
than	en
like	en
more	en
how	en
these	en
also	en
any	en
first	en
our	en
very	en
new	en
look	en
may	en
want	en
way	en
well	en
should	en
use	en
because	en
day	en
man	en
find	en
after	en
here	en
between	en
thing	en
many	en
er	en
those	en
down	en
tell	en
yeah	en
three	en
back	en
even	en
such	en
through	en
over	en
must	en
woman	en
still	en
us	en
child	en
life	en
too	en
put	en
work	en
own	en
last	en
oh	en
mean	en
become	en
call	en
mr	en
world	en
government	en
school	en
old	en
leave	en
try	en
great	en
ask	en
where	en
need	en
erm	en
feel	en
seem	en
system	en
same	en
state	en
might	en
never	en
case	en
part	en
high	en
group	en
something	en
number	en
really	en
most	en
yes	en
another	en
however	en
much	en
family	en
show	en
house	en
area	en
company	en
while	en
problem	en
against	en
again	en
keep	en
student	en
under	en
why	en
let	en
service	en
big	en
place	en
hand	en
begin	en
country	en
party	en
help	en
small	en
talk	en
each	en
turn	en
every	en
provide	en
start	en
off	en
american	en
point	en
different	en
hold	en
week	en
large	en
member	en
four	en
always	en
few	en
follow	en
end	en
without	en
within	en
local	en
during	en
right	en
program	en
bring	en
hear	en
word	en
although	en
question	en
before	en
next	en
play	en
fact	en
run	en
social	en
going	en
quite	en
five	en
move	en
head	en
night	en
live	en
write	en
believe	en
side	en
set	en
month	en
today	en
business	en
happen	en
long	en
important	en
eye	en
home	en
million	en
information	en
power	en
change	en
water	en
pay	en
room	en
young	en
both	en
mother	en
often	en
interest	en
national	en
money	en
story	en
development	en
book	en
away	en
lot	en
form	en
study	en
level	en
second	en
job	en
early	en
though	en
include	en
car	en
issue	en
london	en
perhaps	en
kind	en
policy	en
council	en
far	en
black	en
market	en
court	en
already	en
little	en
possible	en
allow	en
nothing	en
meet	en
since	en
yet	en
effect	en
lead	en
around	en
result	en
friend	en
whether	en
mm	en
father	en
idea	en
sit	en
john	en
until	en
name	en
hour	en
game	en
stand	en
body	en
line	en
report	en
political	en
law	en
among	en
later	en
almost	en
ever	en
bad	en
face	en
carry	en
lose	en
road	en
authority	en
himself	en
together	en
appear	en
city	en
continue	en
six	en
minister	en
able	en
community	en
produce	en
rate	en
late	en
door	en
once	en
general	en
white	en
least	en
office	en
president	en
learn	en
war	en
real	en
offer	en
team	en
minute	en
person	en
best	en
full	en
reason	en
several	en
view	en
consider	en
kid	en
expect	en
suggest	en
anything	en
ago	en
term	en
towards	en
low	en
public	en
understand	en
require	en
read	en
watch	en
period	en
figure	en
society	en
centre	en
parent	en
police	en
stop	en
add	en
create	en
fall	en
probably	en
available	en
speak	en
others	en
price	en
control	en
action	en
cost	en
spend	en
process	en
health	en
remain	en
position	en
art	en
remember	en
course	en
sure	en
history	en
buy	en
education	en
grow	en
actually	en
open	en
type	en
morning	en
research	en
subject	en
walk	en
programme	en
moment	en
win	en
girl	en
age	en
guy	en
britain	en
food	en
send	en
value	en
order	en
force	en
air	en
matter	en
act	en
teacher	en
receive	en
enough	en
decide	en
main	en
across	en
less	en
foot	en
street	en
decision	en
boy	en
industry	en
maybe	en
patient	en
toward	en
mind	en
class	en
everything	en
clear	en
love	en
major	en
music	en
church	en
including	en
themselves	en
paper	en
itself	en
describe	en
condition	en
human	en
develop	en
wait	en
agree	en
serve	en
economic	en
die	en
reach	en
upon	en
bank	en
century	en
sense	en
build	en
therefore	en
section	en
stay	en
table	en
england	en
activity	en
nation	en
hundred	en
plan	en
cut	en
death	en
college	en
involve	en
someone	en
building	en
experience	en
behind	en
sort	en
likely	en
staff	en
kill	en
return	en
draw	en
particular	en
raise	en
town	en
care	en
mrs	en
international	en
language	en
either	en
hard	en
special	en
difficult	en
field	en
certain	en
else	en
particularly	en
pass	en
former	en
sell	en
hope	en
sometimes	en
management	en
along	en
department	en
committee	en
product	en
role	en
better	en
whole	en
practice	en
effort	en
letter	en
ground	en
evidence	en
meeting	en
strong	en
heart	en
rather	en
drug	en
leader	en
light	en
third	en
voice	en
wife	en
union	en
ten	en
finally	en
half	en
pull	en
land	en
event	en
free	en
military	en
shall	en
cause	en
according	en
thus	en
explain	en
son	en
support	en
stage	en
lie	en
range	en
trade	en
relationship	en
accept	en
drive	en
arm	en
god	en
true	en
club	en
federal	en
break	en
difference	en
account	en
thank	en
material	en
short	en
whose	en
easy	en
situation	en
model	en
join	en
season	en
record	en
manager	en
project	en
tax	en
director	en
example	en
european	en
player	en
yesterday	en
base	en
especially	en
training	en
pick	en
window	en
wear	en
central	en
space	en
apply	en
increase	en
cover	en
official	en
usually	en
everyone	en
center	en
university	en
couple	en
site	en
claim	en
sir	en
hit	en
indeed	en
quality	en
star	en
rule	en
certainly	en
eat	en
similar	en
worker	en
teach	en
oil	en
pound	en
data	en
nature	en
common	en
image	en
necessary	en
officer	en
phone	en
structure	en
europe	en
contain	en
unit	en
method	en
hospital	en
picture	en
bed	en
movement	en
piece	en
detail	en
recent	en
reduce	en
simply	en
single	en
doctor	en
date	en
wall	en
uk	en
news	en
personal	en
seven	en
test	en
establish	en
movie	en
north	en
eight	en
computer	en
private	en
herself	en
approach	en
amount	en
bit	en
technology	en
catch	en
wish	en
scheme	en
step	en
baby	en
award	en
attention	en
seek	en
achieve	en
chapter	en
film	en
choose	en
republican	en
deal	en
organization	en
theory	en
tree	en
property	en
source	en
poor	en
red	en
nearly	en
wide	en
south	en
financial	en
hair	en
twenty	en
firm	en
application	en
cos	en
listen	en
production	en
soon	en
board	en
culture	en
billion	en
king	en
chance	en
secretary	en
brother	en
energy	en
fail	en
realize	en
opportunity	en
operation	en
summer	en
share	en
foreign	en
lord	en
agreement	en
plant	en
simple	en
contract	en
concerned	en
choice	en
thousand	en
security	en
daughter	en
occur	en
administration	en
david	en
husband	en
congress	en
election	en
floor	en
future	en
campaign	en
used	en
colour	en
population	en
various	en
rise	en
economy	en
represent	en
medical	en
close	en
shop	en
loss	en
clearly	en
risk	en
evening	en
animal	en
current	en
fire	en
standard	en
purpose	en
wrong	en
benefit	en
defense	en
behavior	en
page	en
anyone	en
fine	en
discuss	en
myself	en
west	en
factor	en
sport	en
per	en
prove	en
rest	en
argue	en
charge	en
performance	en
fight	en
pattern	en
throw	en
present	en
top	en
design	en
quickly	en
past	en
goal	en
royal	en
april	en
author	en
enjoy	en
despite	en
fill	en
pressure	en
focus	en
knowledge	en
drop	en
june	en
blood	en
agency	en
basis	en
march	en
push	en
further	en
color	en
size	en
introduce	en
recently	en
series	en
garden	en
store	en
environment	en
sound	en
note	en
success	en
enter	en
near	en
analysis	en
arrive	en
natural	en
thought	en
ensure	en
region	en
list	en
race	en
concern	en
statement	en
relation	en
significant	en
hot	en
sea	en
principle	en
demand	en
labour	en
response	en
dead	en
refer	en
capital	en
decade	en
round	en
tv	en
article	en
hotel	en
shoot	en
above	en
east	en
forward	en
save	en
village	en
artist	en
station	en
nine	en
individual	en
scene	en
attempt	en
stock	en
career	en
feature	en
association	en
income	en
treatment	en
beyond	en
happy	en
relate	en
exactly	en
following	en
cup	en
protect	en
nice	en
organisation	en
manage	en
dog	en
affect	en
fund	en
serious	en
identify	en
media	en
please	en
ready	en
sign	en
whatever	en
difficulty	en
machine	en
modern	en
degree	en
legal	en
answer	en
scotland	en
cell	en
resource	en
growth	en
left	en
mile	en
compare	en
determine	en
lady	en
prepare	en
disease	en
whom	en
final	en
recognize	en
task	en
function	en
ability	en
provision	en
county	en
indicate	en
character	en
behaviour	en
defence	en
style	en
wonder	en
attack	en
st	en
obtain	en
science	en
television	en
announce	en
box	en
feeling	en
pretty	en
everybody	en
hall	en
skill	en
physical	en
horse	en
lay	en
user	en
message	en
outside	en
nor	en
normal	en
forget	en
peter	en
sex	en
investment	en
lawyer	en
army	en
environmental	en
dr	en
glass	en
suffer	en
sister	en
pm	en
previous	en
maintain	en
professor	en
crime	en
publish	en
france	en
ok	en
responsibility	en
total	en
argument	en
miss	en
anyway	en
avoid	en
bill	en
prime	en
express	en
gun	en
suppose	en
blue	en
finish	en
element	en
strategy	en
duty	en
july	en
tend	en
truth	en
leg	en
song	en
democratic	en
park	en
check	en
suddenly	en
title	en
treat	en
dark	en
throughout	en
discussion	en
generally	en
laugh	en
aspect	en
guess	en
executive	en
industrial	en
chairman	en
remove	en
hang	en
visit	en
entire	en
rock	en
sorry	en
sun	en
united	en
exist	en
river	en
paul	en
customer	en
institution	en
encourage	en
network	en
specific	en
appropriate	en
profit	en
religious	en
cold	en
reflect	en
assume	en
admit	en
stone	en
measure	en
conference	en
green	en
division	en
memory	en
card	en
smile	en
replace	en
seat	en
post	en
george	en
procedure	en
commission	en
trial	en
expert	en
proposal	en
spring	en
unless	en
mention	en
democrat	en
improve	en
radio	en
circumstance	en
client	en
obviously	en
imagine	en
sector	en
direction	en
tonight	en
basic	en
huge	en
ball	en
soviet	en
successful	en
yourself	en
intend	en
original	en
impact	en
attitude	en
respond	en
aware	en
discover	en
popular	en
traditional	en
onto	en
reveal	en
de	en
germany	en
weapon	en
employee	en
cultural	en
employment	en
peace	en
hon	en
refuse	en
pain	en
prevent	en
october	en
affair	en
appeal	en
shake	en
fly	en
heavy	en
interview	en
regard	en
chair	en
fish	en
professional	en
holiday	en
camera	en
technique	en
item	en
medium	en
politics	en
pupil	en
perform	en
version	en
weight	en
candidate	en
okay	en
direct	en
press	en
advice	en
trip	en
inside	en
september	en
sales	en
library	en
adult	en
advantage	en
operate	en
worry	en
surface	en
america	en
immediately	en
deep	en
worth	en
edge	en
variety	en
writer	en
james	en
trouble	en
island	en
challenge	en
january	en
fear	en
shoulder	en
useful	en
depend	en
middle	en
sunday	en
majority	en
dream	en
extent	en
bar	en
enable	en
beautiful	en
competition	en
instead	en
parliament	en
goods	en
speaker	en
stuff	en
complete	en
access	en
richard	en
somebody	en
magazine	en
text	en
soldier	en
thirty	en
easily	en
sexual	en
effective	en
bag	en
western	en
heat	en
payment	en
york	en
marriage	en
mouth	en
ah	en
tough	en
independent	en
sing	en
facility	en
survey	en
reference	en
german	en
realise	en
context	en
skin	en
agent	en
scottish	en
owner	en
earlier	en
extend	en
gas	en
ahead	en
importance	en
earth	en
generation	en
commercial	en
address	en
object	en
cancer	en
possibility	en
involved	en
interesting	en
reality	en
coach	en
means	en
notice	en
yard	en
beat	en
planning	en
violence	en
collection	en
communication	en
ireland	en
fifty	en
considerable	en
finger	en
arise	en
species	en
fit	en
partner	en
supply	en
positive	en
civil	en
examine	en
kitchen	en
michael	en
consumer	en
document	en
define	en
shot	en
budget	en
responsible	en
painting	en
scientist	en
safe	en
solution	en
november	en
december	en
influence	en
existing	en
victim	en
newspaper	en
software	en
bear	en
threat	en
opinion	en
attorney	en
score	en
district	en
bird	en
wales	en
audience	en
damage	en
rich	en
tomorrow	en
dinner	en
recognise	en
requirement	en
vote	en
extra	en
travel	en
debate	en
citizen	en
exchange	en
quarter	en
none	en
option	en
front	en
born	en
opposition	en
eventually	en
occasion	en
senior	en
highly	en
arrangement	en
wind	en
key	en
mission	en
target	en
aid	en
fast	en
alone	en
match	en
charles	en
railway	en
attend	en
speech	en
concept	en
lack	en
participant	en
corner	en
southern	en
fresh	en
forest	en
video	en
global	en
mum	en
senate	en
slightly	en
reform	en
gain	en
fully	en
restaurant	en
judge	en
scale	en
equipment	en
afternoon	en
release	en
labor	en
credit	en
critical	en
male	en
review	en
recall	en
ii	en
interested	en
stare	en
safety	en
otherwise	en
hill	en
neighborhood	en
hardly	en
below	en
status	en
troop	en
directly	en
expression	en
hurt	en
tea	en
christmas	en
sale	en
track	en
band	en
ms	en
strike	en
failure	en
sky	en
freedom	en
reader	en
absolutely	en
fair	en
plane	en
nobody	en
essential	en
confirm	en
adopt	en
powerful	en
saturday	en
perfect	en
trust	en
conduct	en
completely	en
conversation	en
touch	en
farm	en
sentence	en
smith	en
file	en
oxford	en
primary	en
sleep	en
obvious	en
length	en
copy	en
investigation	en
balance	en
nuclear	en
researcher	en
branch	en
conflict	en
spirit	en
states	en
league	en
british	en
doubt	en
train	en
accident	en
camp	en
february	en
brain	en
william	en
studio	en
am	en
weekend	en
dozen	en
strength	en
normally	en
contact	en
insurance	en
battle	en
beginning	en
shape	en
contribution	en
transport	en
african	en
cash	en
crisis	en
fan	en
works	en
museum	en
stick	en
hole	en
pair	en
annual	en
associate	en
vision	en
marry	en
chinese	en
presence	en
ship	en
protection	en
collect	en
slowly	en
queen	en
master	en
driver	en
meaning	en
spot	en
ice	en
boat	en
employ	en
drink	en
exercise	en
consequence	en
distance	en
wood	en
relatively	en
truck	en
handle	en
robert	en
august	en
mountain	en
relevant	en
supposed	en
apparently	en
tradition	en
winter	en
speed	en
route	en
proportion	en
consideration	en
assessment	en
roll	en
africa	en
latter	en
emerge	en
screen	en
regional	en
fig	en
resident	en
hide	en
mark	en
gold	en
separate	en
deny	en
practical	en
potential	en
understanding	en
aim	en
danger	en
progress	en
path	en
reaction	en
crowd	en
flower	en
christian	en
appoint	en
apartment	en
merely	en
willing	en
regular	en
link	en
comment	en
due	en
content	en
conclusion	en
prison	en
chief	en
ride	en
guard	en
terms	en
reply	en
reporter	en
justice	en
deliver	en
observe	en
etc	en
belief	en
tool	en
wild	en
mhm	en
vehicle	en
flight	en
settle	en
ignore	en
sight	en
average	en
estate	en
quick	en
leadership	en
wine	en
earn	en
ring	en
bright	en
henry	en
propose	en
additional	en
guest	en
dad	en
sample	en
contribute	en
possibly	en
tiny	en
block	en
clothes	en
active	en
feed	en
employer	en
debt	en
identity	en
objective	en
largely	en
arrange	en
mostly	en
lesson	en
survive	en
faith	en
telephone	en
carefully	en
photo	en
promote	en
living	en
count	en
mary	en
farmer	en
injury	en
package	en
ear	en
nevertheless	en
colleague	en
complex	en
folk	en
impossible	en
concentrate	en
confidence	en
lift	en
mainly	en
border	en
jump	en
gather	en
limit	en
forty	en
cry	en
eg	en
cross	en
warm	en
visitor	en
commitment	en
critic	en
plus	en
volume	en
insist	en
somewhere	en
currently	en
french	en
legislation	en
manner	en
entirely	en
background	en
spread	en
baseball	en
entry	en
engine	en
soft	en
egg	en
edward	en
cabinet	en
demonstrate	en
introduction	en
anybody	en
previously	en
domestic	en
murder	en
gift	en
religion	en
editor	en
prefer	en
engage	en
ordinary	en
coffee	en
extremely	en
cheap	en
threaten	en
relief	en
commit	en
technical	en
grant	en
actual	en
female	en
strange	en
youth	en
repeat	en
wave	en
bus	en
afraid	en
regulation	en
native	en
broad	en
wage	en
wonderful	en
row	en
acquire	en
thomas	en
twice	en
suit	en
perspective	en
fairly	en
growing	en
blow	en
construction	en
meal	en
excellent	en
intelligence	en
destroy	en
internal	en
category	en
cook	en
tour	en
connection	en
burn	en
shoe	en
traffic	en
football	en
neighbor	en
exhibition	en
grade	en
launch	en
ec	en
hey	en
mistake	en
sheet	en
equally	en
location	en
bridge	en
appearance	en
quiet	en
indian	en
dress	en
promise	en
improvement	en
description	en
bone	en
session	en
northern	en
housing	en
twelve	en
combine	en
flat	en
discipline	en
contrast	en
cool	en
lip	en
voter	en
increasingly	en
existence	en
gentleman	en
learning	en
distribution	en
hell	en
dangerous	en
proper	en
remind	en
moral	en
retain	en
famous	en
victory	en
theatre	en
academic	en
prince	en
internet	en
healthy	en
loan	en
code	en
negative	en
representative	en
japan	en
historical	en
medicine	en
usual	en
unable	en
belong	en
finding	en
respect	en
attract	en
grab	en
classroom	en
limited	en
photograph	en
formal	en
participate	en
daily	en
writing	en
reject	en
assess	en
knee	en
joint	en
pension	en
tape	en
hire	en
rain	en
explanation	en
familiar	en
consist	en
plate	en
unemployment	en
lovely	en
actor	en
conservative	en
asset	en
birth	en
ie	en
ltd	en
search	en
tie	en
democracy	en
invite	en
eastern	en
factory	en
circle	en
capacity	en
device	en
vary	en
bottom	en
selection	en
warn	en
clean	en
finance	en
surely	en
impose	en
rural	en
lean	en
neck	en
intention	en
plastic	en
tall	en
whereas	en
initial	en
hate	en
thanks	en
examination	en
alive	en
definition	en
declare	en
theater	en
substantial	en
aircraft	en
chicken	en
abuse	en
output	en
shut	en
suitable	en
immediate	en
map	en
fourth	en
divide	en
welcome	en
ought	en
equal	en
lots	en
paris	en
literature	en
reasonable	en
offence	en
desire	en
leading	en
reduction	en
paint	en
working	en
detailed	en
nod	en
appointment	en
fuel	en
leaf	en
dry	en
russian	en
instruction	en
concentration	en
overall	en
pool	en
climb	en
enterprise	en
sweet	en
edinburgh	en
bedroom	en
salt	en
expand	en
metal	en
pp	en
fat	en
ticket	en
expensive	en
disappear	en
recommend	en
corporate	en
correct	en
reading	en
sufficient	en
urban	en
bottle	en
mental	en
absence	en
lunch	en
criticism	en
educational	en
teaching	en
shout	en
sugar	en
irish	en
planet	en
favorite	en
transfer	en
explore	en
error	en
assembly	en
enemy	en
acid	en
greatest	en
straight	en
surround	en
athlete	en
settlement	en
scientific	en
soul	en
undertake	en
module	en
inc	en
panel	en
totally	en
mom	en
married	en
weather	en
instrument	en
whilst	en
pleasure	en
predict	en
select	en
presidential	en
channel	en
emotional	en
fee	en
supreme	en
pocket	en
friday	en
thin	en
temperature	en
beside	en
poll	en
surprise	en
waste	en
solicitor	en
frequently	en
implication	en
breath	en
recognition	en
institute	en
component	en
republic	en
minority	en
seriously	en
properly	en
connect	en
unlikely	en
partly	en
elsewhere	en
double	en
necessarily	en
organize	en
empty	en
household	en
guide	en
trail	en
novel	en
somehow	en
jury	en
nurse	en
experiment	en
iraqi	en
breast	en
jack	en
silence	en
acknowledge	en
secure	en
sixty	en
theme	en
publication	en
storm	en
increased	en
expenditure	en
desk	en
treaty	en
slow	en
fruit	en
journey	en
yellow	en
noise	en
shadow	en
struggle	en
conclude	en
dance	en
sum	en
analyst	en
organise	en
imply	en
being	en
illustrate	en
monday	en
captain	en
shift	en
revenue	en
locate	en
phase	en
display	en
initiative	en
basically	en
sequence	en
generate	en
widely	en
anymore	en
assumption	en
curriculum	en
thinking	en
darlington	en
escape	en
trend	en
comfortable	en
investor	en
angry	en
crew	en
gate	en
investigate	en
tom	en
hearing	en
cat	en
liverpool	en
muscle	en
gallery	en
notion	en
capture	en
closely	en
chest	en
ministry	en
japanese	en
jesus	en
emphasis	en
truly	en
increasing	en
neither	en
thick	en
afford	en
beauty	en
prospect	en
emergency	en
narrow	en
inform	en
unique	en
advise	en
ethnic	en
priority	en
opening	en
stress	en
combination	en
rely	en
root	en
nose	en
fifteen	en
liberal	en
appreciate	en
succeed	en
setting	en
upper	en
interpretation	en
sick	en
outcome	en
tooth	en
ad	en
defend	en
prepared	en
alternative	en
busy	en
wing	en
martin	en
catholic	en
lane	en
flow	en
mix	en
crown	en
coal	en
approve	en
bloody	en
zone	en
variation	en
wake	en
airport	en
castle	en
ourselves	en
motion	en
brown	en
apparent	en
membership	en
shirt	en
pilot	en
ian	en
corp	en
ultimately	en
suggestion	en
persuade	en
careful	en
cope	en
attractive	en
snow	en
english	en
passage	en
politician	en
steal	en
incident	en
pursue	en
slip	en
percentage	en
meat	en
funny	en
winner	en
soil	en
aids	en
index	en
surgery	en
elect	en
jew	en
jewish	en
valley	en
alan	en
blame	en
derive	en
estimate	en
basketball	en
criterion	en
usa	en
aye	en
golf	en
square	en
crazy	en
vital	en
recover	en
significantly	en
chain	en
effectively	en
specialist	en
italy	en
characteristic	en
governor	en
lake	en
tone	en
engineering	en
kick	en
ancient	en
pub	en
rating	en
golden	en
request	en
foundation	en
gender	en
solve	en
deputy	en
landscape	en
representation	en
bowl	en
rare	en
frame	en
australia	en
forth	en
typical	en
except	en
elderly	en
eliminate	en
manchester	en
host	en
observation	en
ocean	en
tony	en
creation	en
iii	en
producer	en
impression	en
meanwhile	en
neighbour	en
capable	en
regime	en
attach	en
fix	en
grand	en
fashion	en
mirror	en
wash	en
coast	en
atmosphere	en
smart	en
mass	en
revolution	en
complain	en
topic	en
tear	en
variable	en
brief	en
distinction	en
perception	en
secret	en
stephen	en
mechanism	en
external	en
clause	en
marketing	en
championship	en
tank	en
defendant	en
coverage	en
iron	en
aside	en
servant	en
anywhere	en
roof	en
advance	en
bond	en
milk	en
welfare	en
era	en
bind	en
fun	en
engineer	en
beneath	en
expectation	en
drawing	en
accuse	en
motor	en
somewhat	en
origin	en
pour	en
grey	en
stir	en
beach	en
judgment	en
negotiation	en
accompany	en
beer	en
establishment	en
hence	en
leeds	en
nineteen	en
liability	en
ibm	en
unfortunately	en
warning	en
hero	en
minor	en
height	en
cloud	en
constant	en
stretch	en
pleased	en
ideal	en
expense	en
seed	en
surprised	en
withdraw	en
significance	en
pepper	en
severe	en
intervention	en
terrible	en
tip	en
india	en
cite	en
prisoner	en
vegetable	en
dish	en
palace	en
vast	en
champion	en
everywhere	en
gray	en
exclude	en
eighty	en
oppose	en
christ	en
contemporary	en
convention	en
multiple	en
ninety	en
afterwards	en
switch	en
criminal	en
core	en
ill	en
rush	en
knock	en
specifically	en
justify	en
tired	en
signal	en
rail	en
parish	en
diet	en
strongly	en
fewer	en
rapidly	en
comparison	en
resolution	en
abortion	en
witness	en
apart	en
jones	en
mine	en
barely	en
china	en
emphasize	en
harry	en
plenty	en
achievement	en
wednesday	en
mp	en
proud	en
co	en
faculty	en
ooh	en
gap	en
weak	en
definitely	en
occupy	en
bomb	en
permanent	en
enormous	en
originally	en
complaint	en
massive	en
amongst	en
shock	en
wheel	en
decline	en
invest	en
passenger	en
odd	en
cable	en
grass	en
via	en
expose	en
column	en
charity	en
cream	en
territory	en
independence	en
solid	en
crucial	en
typically	en
inner	en
hat	en
manufacturer	en
breakfast	en
celebrate	en
spain	en
andrew	en
fishing	en
permit	en
brian	en
similarly	en
corporation	en
chris	en
councillor	en
tenant	en
inflation	en
talent	en
fundamental	en
taste	en
jan	en
virtually	en
cast	en
sharp	en
perfectly	en
unusual	en
convince	en
quote	en
dominate	en
physician	en
exception	en
accommodation	en
addition	en
boundary	en
creative	en
lower	en
yorkshire	en
licence	en
buyer	en
gay	en
abandon	en
honor	en
construct	en
campus	en
supporter	en
anne	en
guilty	en
formation	en
compete	en
transaction	en
dispute	en
inquiry	en
immigrant	en
steve	en
kingdom	en
illegal	en
un	en
database	en
hi	en
dec	en
ref	en
interaction	en
fault	en
personality	en
badly	en
assistance	en
phrase	en
forever	en
quantity	en
israeli	en
unknown	en
naturally	en
lab	en
proceed	en
wrap	en
preparation	en
tension	en
interpret	en
depression	en
incorporate	en
spiritual	en
jim	en
musical	en
prayer	en
secondary	en
journalist	en
metre	en
dismiss	en
suspect	en
scholar	en
simon	en
climate	en
russia	en
cheese	en
joe	en
childhood	en
proceeding	en
mike	en
cigarette	en
moreover	en
bread	en
subsequent	en
currency	en
graduate	en
parliamentary	en
bbc	en
alright	en
emotion	en
scream	en
dramatic	en
universe	en
alter	en
deeply	en
rarely	en
extension	en
prosecutor	en
prize	en
lucky	en
drag	en
graham	en
airline	en
mill	en
possess	en
agenda	en
tower	en
bother	en
yours	en
arrest	en
primarily	en
jane	en
premise	en
coat	en
involvement	en
manufacturing	en
funding	en
partnership	en
analyse	en
therapy	en
glasgow	en
schedule	en
spokesman	en
sad	en
communist	en
pollution	en
constitution	en
implement	en
purchase	en
gene	en
unix	en
steel	en
heavily	en
regarding	en
remaining	en
visual	en
inch	en
violent	en
chip	en
depth	en
silent	en
assist	en
self	en
bike	en
saving	en
perceive	en
port	en
command	en
dear	en
calculate	en
layer	en
delivery	en
string	en
quietly	en
holder	en
resolve	en
slide	en
boot	en
wedding	en
framework	en
portion	en
rose	en
advertising	en
opponent	en
poem	en
obligation	en
extensive	en
glad	en
transform	en
agricultural	en
net	en
alcohol	en
glance	en
protein	en
bend	en
unlike	en
desert	en
efficient	en
maintenance	en
cop	en
cycle	en
arab	en
italian	en
reckon	en
spanish	en
occasionally	en
sand	en
firmly	en
print	en
restrict	en
recommendation	en
preserve	en
ceo	en
profession	en
load	en
transition	en
participation	en
album	en
bob	en
philip	en
restore	en
mode	en
gently	en
bishop	en
lock	en
opposite	en
stairs	en
approval	en
cottage	en
deserve	en
consistent	en
principal	en
resistance	en
restriction	en
boss	en
discovery	en
wilson	en
exposure	en
protest	en
pose	en
specify	en
export	en
stream	en
pot	en
reputation	en
valuable	en
slight	en
hello	en
regularly	en
habit	en
tale	en
knife	en
coalition	en
friendly	en
abroad	en
racial	en
silver	en
convert	en
joke	en
mexican	en
countryside	en
symptom	en
sudden	en
empire	en
autumn	en
philosophy	en
conventional	en
potato	en
trading	en
relative	en
recovery	en
online	en
thursday	en
submit	en
seventy	en
urge	en
dust	en
voluntary	en
breathe	en
distinguish	en
investigator	en
inspector	en
jacket	en
creature	en
proposed	en
constitute	en
pack	en
recession	en
agriculture	en
suicide	en
input	en
numerous	en
shareholder	en
plaintiff	en
substance	en
shortly	en
keen	en
arrival	en
passion	en
volunteer	en
worried	en
essentially	en
enforcement	en
initially	en
sauce	en
illness	en
vs	en
margaret	en
priest	en
amazing	en
intense	en
electricity	en
penalty	en
eleven	en
inspire	en
adjust	en
retire	en
uncle	en
kiss	en
temporary	en
visible	en
cap	en
efficiency	en
competitive	en
frank	en
drama	en
cake	en
congressional	en
juice	en
wealth	en
peak	en
presentation	en
whenever	en
pale	en
analyze	en
laboratory	en
disaster	en
th	en
parking	en
owe	en
mood	en
gradually	en
bay	en
enhance	en
mystery	en
poverty	en
promotion	en
possession	en
spending	en
evaluate	en
dollar	en
symbol	en
certificate	en
maker	en
wet	en
custom	en
accomplish	en
angle	en
tuesday	en
lewis	en
monitor	en
entertainment	en
lee	en
asian	en
bean	en
alliance	en
evaluation	en
armed	en
commander	en
dependent	en
digital	en
subsequently	en
taylor	en
bid	en
expansion	en
psychological	en
radical	en
anger	en
statutory	en
chancellor	en
approximately	en
ratio	en
pc	en
missile	en
disorder	en
oct	en
lifespan	en
false	en
wire	en
sensitive	en
transportation	en
holy	en
twin	en
tendency	en
fixed	en
chamber	en
honour	en
elizabeth	en
deposit	en
luck	en
rent	en
pure	en
acceptable	en
clinic	en
veteran	en
smell	en
tablespoon	en
phenomenon	en
nervous	en
cambridge	en
tourist	en
festival	en
qualification	en
toss	en
adequate	en
bury	en
pray	en
tomato	en
butter	en
rapid	en
deficit	en
awareness	en
bathroom	en
frequency	en
belfast	en
electronic	en
ally	en
luke	en
ai	en
mixture	en
middlesbrough	en
smoke	en
confront	en
resist	en
surprising	en
fifth	en
toy	en
absolute	en
dimension	en
fellow	en
routine	en
rough	en
smooth	en
nearby	en
remarkable	en
peer	en
precisely	en
personnel	en
designer	en
maximum	en
furniture	en
brilliant	en
educator	en
belt	en
register	en
immigration	en
teaspoon	en
birthday	en
retirement	en
duke	en
recording	en
pipe	en
adam	en
mere	en
teenager	en
instance	en
comprehensive	en
flag	en
apple	en
whisper	en
landlord	en
administrative	en
corn	en
throat	en
dealer	en
moon	en
breach	en
junior	en
wooden	en
swing	en
lad	en
salary	en
cheek	en
observer	en
sarah	en
equation	en
dig	en
eh	en
crop	en
pace	en
overcome	en
behave	en
rank	en
entrance	en
anxiety	en
permission	en
electric	en
literally	en
enquiry	en
embrace	en
reserve	en
viewer	en
pan	en
consultant	en
allowance	en
rome	en
mortgage	en
administrator	en
carpet	en
mail	en
judgement	en
mayor	en
scope	en
pink	en
policeman	en
platform	en
curtain	en
historic	en
buck	en
grandmother	en
paragraph	en
cricket	en
constantly	en
successfully	en
continuing	en
favor	en
journal	en
testing	en
detect	en
consent	en
stomach	en
comprise	en
weigh	en
birmingham	en
install	en
curve	en
darkness	en
recipe	en
tim	en
infection	en
elementary	en
literary	en
thatcher	en
aggressive	en
nigel	en
concert	en
guitar	en
disk	en
dna	en
extreme	en
nov	en
tube	en
longer	en
presumably	en
quit	en
genuine	en
guarantee	en
greatly	en
latin	en
favourite	en
jail	en
briefly	en
delay	en
honest	en
diversity	en
palestinian	en
sake	en
relax	en
essay	en
edition	en
respondent	en
circuit	en
giant	en
exciting	en
negotiate	en
historian	en
clock	en
written	en
pop	en
demonstration	en
chemical	en
resign	en
criticize	en
bath	en
differ	en
adviser	en
nineteenth	en
williams	en
advanced	en
disability	en
stupid	en
defeat	en
shell	en
consumption	en
classical	en
washington	en
biological	en
peasant	en
province	en
pause	en
acquisition	en
onion	en
socialist	en
aunt	en
brand	en
commons	en
assure	en
gloucester	en
mad	en
split	en
criteria	en
altogether	en
utility	en
confident	en
remark	en
helpful	en
highway	en
clinical	en
survival	en
sink	en
workshop	en
lecture	en
ingredient	en
occupation	en
stake	en
muslim	en
fiber	en
activist	en
islamic	en
mount	en
snap	en
terrorism	en
refugee	en
formula	en
guidance	en
ultimate	en
statistics	en
hip	en
tail	en
gear	en
found	en
barrier	en
distinct	en
assign	en
compensation	en
killer	en
poet	en
gang	en
johnson	en
developing	en
supplier	en
classic	en
scott	en
ben	en
israel	en
earnings	en
label	en
teen	en
widespread	en
respectively	en
vacation	en
advocate	en
draft	en
iraq	en
extraordinary	en
sept	en
fortune	en
heaven	en
yell	en
pregnant	en
anxious	en
distant	en
satellite	en
conscious	en
personally	en
tackle	en
chocolate	en
sweep	en
stable	en
canadian	en
satisfied	en
borrow	en
ceiling	en
reasonably	en
preference	en
universal	en
spin	en
button	en
bell	en
operating	en
clothing	en
super	en
pitch	en
yield	en
fence	en
given	en
portrait	en
indication	en
roughly	en
bunch	en
concerning	en
awful	en
lawsuit	en
testimony	en
distribute	en
inevitably	en
burden	en
react	en
measurement	en
cooperation	en
sam	en
ceremony	en
disabled	en
communicate	en
ownership	en
lost	en
neil	en
practitioner	en
profile	en
constitutional	en
enthusiasm	en
cease	en
disagree	en
impressive	en
satisfaction	en
remote	en
resort	en
destruction	en
qualify	en
emphasise	en
tissue	en
interval	en
eighteen	en
pant	en
princess	en
stranger	en
confusion	en
broken	en
provided	en
sheep	en
bet	en
operator	en
virus	en
strategic	en
storage	en
jean	en
assistant	en
strengthen	en
summary	en
catalogue	en
publisher	en
wipe	en
architecture	en
encounter	en
patrick	en
shopping	en
cousin	en
outstanding	en
minimum	en
blind	en
joseph	en
exceed	en
dominant	en
asia	en
genetic	en
moscow	en
incentive	en
related	en
ken	en
slave	en
accurate	en
ruth	en
theoretical	en
translate	en
processing	en
ha	en
terror	en
implementation	en
elite	en
qv	en
complicated	en
olympic	en
alongside	en
dirt	en
bullet	en
lend	en
rice	en
considerably	en
tight	en
bible	en
replacement	en
chart	en
proof	en
practise	en
solar	en
