word	lang	tag	feat
T恤	zh	n	0x0
U盘	zh	n	0x0
plumber	en	NN	0x0
puzzle	en	VB	0x1
一月	zh	m	0x8
一点	zh	m	0x8
七月	zh	t	0xA
七点	zh	m	0x8
三明治	zh	nz	0x0
三月	zh	m	0x8
三点	zh	m	0x8
三角形	zh	n	0x0
上	zh	f	0x5
上升	zh	v	0x1
上午	zh	t	0xA
上海	zh	ns	0x0
下	zh	f	0x5
下午	zh	t	0xA
下巴	zh	n	0x0
下降	zh	v	0x1
下雨	zh	v	0x1
下雪	zh	v	0x1
丑	zh	a	0x2
专注	zh	v	0x1
丘陵	zh	nr	0x0
东京	zh	ns	0x0
丝瓜	zh	n	0x0
丢	zh	zg	0x7
两点	zh	m	0x8
中午	zh	t	0xA
中国	zh	ns	0x0
主管	zh	n	0x0
主要	zh	b	0x2
乌鸦	zh	n	0x0
乌龟	zh	nr	0x0
乐器	zh	n	0x0
乒乓球	zh	n	0x0
乘客	zh	n	0x0
九月	zh	t	0xA
九点	zh	m	0x8
书	zh	n	0x0
书包	zh	n	0x0
书架	zh	n	0x0
书桌	zh	n	0x0
买	zh	v	0x1
二月	zh	m	0x8
二胡	zh	n	0x0
云	zh	ns	0x0
云计算	zh	ns	0x0
互联网	zh	n	0x0
五月	zh	t	0xA
五点	zh	m	0x8
亚洲	zh	ns	0x0
交换机	zh	n	0x0
亲情	zh	n	0x0
人工智能	zh	n	0x0
仇恨	zh	n	0x0
仙鹤	zh	n	0x0
企鹅	zh	n	0x0
伏特加	zh	nr	0x0
休息	zh	v	0x1
休闲裤	zh	n	0x0
会计	zh	v	0x1
伞	zh	n	0x0
伦敦	zh	ns	0x0
低	zh	a	0x2
体育	zh	vn	0x1
体育馆	zh	n	0x0
作家	zh	n	0x0
侄女	zh	n	0x0
侄子	zh	n	0x0
侦探	zh	v	0x1
俄罗斯	zh	ns	0x0
保姆	zh	nrt	0x0
保安	zh	nz	0x0
保洁	zh	a	0x2
信仰	zh	n	0x0
信件	zh	n	0x0
借	zh	v	0x1
假期	zh	t	0xA
做饭	zh	v	0x1
停止	zh	v	0x1
停车场	zh	n	0x0
儿子	zh	n	0x0
兄弟	zh	n	0x0
兔子	zh	n	0x0
八月	zh	t	0xA
八点	zh	m	0x8
公交站	zh	n	0x0
公交车	zh	n	0x0
公园	zh	n	0x0
公寓	zh	n	0x0
公正	zh	nr	0x0
六月	zh	t	0xA
六点	zh	m	0x8
关	zh	v	0x1
兴奋	zh	v	0x1
内存卡	zh	nr	0x0
写	zh	v	0x1
农民	zh	n	0x0
冬天	zh	t	0xA
冬瓜	zh	n	0x0
冰	zh	n	0x0
冰块	zh	n	0x0
冰山	zh	ns	0x0
冰川	zh	ns	0x0
冰淇淋	zh	nr	0x0
冰箱	zh	n	0x0
冰雹	zh	n	0x0
决定	zh	v	0x1
冷	zh	a	0x2
凉爽	zh	a	0x2
凉鞋	zh	n	0x0
凌乱	zh	a	0x2
凌晨	zh	t	0xA
减慢	zh	v	0x1
凳子	zh	n	0x0
出	zh	v	0x1
出租车	zh	n	0x0
出纳	zh	v	0x1
刀	zh	n	0x0
切	zh	v	0x1
别墅	zh	n	0x0
刮风	zh	n	0x0
刷	zh	zg	0x7
前进	zh	v	0x1
剧院	zh	n	0x0
剪刀	zh	n	0x0
加快	zh	v	0x1
加拿大	zh	ns	0x0
加油站	zh	nt	0x0
助理	zh	vn	0x1
勺子	zh	n	0x0
包	zh	v	0x1
包子	zh	n	0x0
化学	zh	n	0x0
北京	zh	ns	0x0
北美洲	zh	ns	0x0
区块链	zh	n	0x0
医学	zh	n	0x0
医生	zh	n	0x0
医院	zh	n	0x0
十月	zh	t	0xA
十点	zh	m	0x8
半岛	zh	n	0x0
半身裙	zh	n	0x0
卖	zh	v	0x1
南京	zh	ns	0x0
南极洲	zh	ns	0x0
南瓜	zh	ns	0x0
南美洲	zh	ns	0x0
卡片	zh	nz	0x0
卡车	zh	n	0x0
卧室	zh	n	0x0
卫衣	zh	n	0x0
印尼	zh	ns	0x0
印度	zh	ns	0x0
历史	zh	n	0x0
厌恶	zh	v	0x1
厚	zh	a	0x2
厦门	zh	ns	0x0
厨师	zh	n	0x0
厨房	zh	n	0x0
去	zh	v	0x1
友情	zh	n	0x0
发票	zh	n	0x0
叔叔	zh	n	0x0
变色龙	zh	n	0x0
口罩	zh	n	0x0
叫	zh	v	0x1
可乐	zh	a	0x2
台灯	zh	n	0x0
台球	zh	n	0x0
台风	zh	ns	0x0
叶子	zh	nr	0x0
司机	zh	n	0x0
吃	zh	v	0x1
合同	zh	a	0x2
合肥	zh	n	0x0
吉他	zh	ns	0x0
吊灯	zh	n	0x0
同事	zh	n	0x0
同学	zh	n	0x0
同情	zh	n	0x0
同意	zh	d	0x3
名片	zh	n	0x0
后退	zh	v	0x1
听	zh	v	0x1
吵闹	zh	v	0x1
员工	zh	n	0x0
周一	zh	t	0xA
周三	zh	t	0xA
周二	zh	t	0xA
周五	zh	t	0xA
周六	zh	t	0xA
周四	zh	t	0xA
周日	zh	t	0xA
周末	zh	t	0xA
和平	zh	nz	0x0
咖啡	zh	n	0x0
咖喱	zh	n	0x0
咸菜	zh	n	0x0
哈密瓜	zh	nr	0x0
哥哥	zh	ns	0x0
哭	zh	v	0x1
哲学	zh	n	0x0
唱	zh	v	0x1
商业	zh	n	0x0
商人	zh	n	0x0
商场	zh	n	0x0
商店	zh	n	0x0
啤酒	zh	n	0x0
喜鹊	zh	n	0x0
喝	zh	vg	0x1
嘴唇	zh	n	0x0
嘴巴	zh	n	0x0
四月	zh	m	0x8
四点	zh	m	0x8
回	zh	v	0x1
困倦	zh	a	0x2
困惑	zh	a	0x2
困难	zh	an	0x2
围巾	zh	n	0x0
国家	zh	n	0x0
国王	zh	n	0x0
图书馆	zh	n	0x0
圆形	zh	n	0x0
圆的	zh	n	0x0
土	zh	zg	0x7
土壤	zh	n	0x0
土豆	zh	n	0x0
地图	zh	n	0x0
地板	zh	n	0x0
地毯	zh	n	0x0
地理	zh	n	0x0
地铁	zh	n	0x0
地铁站	zh	n	0x0
地震	zh	n	0x0
坏	zh	a	0x2
坐	zh	v	0x1
垃圾桶	zh	n	0x0
培根	zh	nz	0x0
墙壁	zh	s	0x5
增强现实	zh	v	0x1
墨镜	zh	n	0x0
壁灯	zh	n	0x0
士兵	zh	n	0x0
处方	zh	n	0x0
复杂	zh	a	0x2
夏天	zh	t	0xA
外公	zh	n	0x0
外卖员	zh	v	0x1
外套	zh	n	0x0
外婆	zh	n	0x0
多云	zh	nr	0x0
多伦多	zh	nrt	0x0
大	zh	a	0x2
大U盘	zh	a	0x2
大一月	zh	a	0x2
大三月	zh	a	0x2
大丝瓜	zh	a	0x2
大主管	zh	a	0x2
大乘客	zh	a	0x2
大九月	zh	a	0x2
大二月	zh	a	0x2
大二胡	zh	a	0x2
大儿子	zh	n	0x0
大八月	zh	a	0x2
大公正	zh	a	0x2
大兴奋	zh	a	0x2
大冬瓜	zh	a	0x2
大冰川	zh	a	0x2
大决定	zh	a	0x2
大凌乱	zh	a	0x2
大凌晨	zh	a	0x2
大剪刀	zh	a	0x2
大勺子	zh	a	0x2
大医学	zh	a	0x2
大医院	zh	a	0x2
大半岛	zh	a	0x2
大卡片	zh	a	0x2
大厨师	zh	vn	0x1
大发票	zh	a	0x2
大可乐	zh	a	0x2
大同学	zh	a	0x2
大同意	zh	a	0x2
大后退	zh	a	0x2
大吵闹	zh	a	0x2
大咸菜	zh	a	0x2
大哲学	zh	a	0x2
大商店	zh	a	0x2
大嘴巴	zh	ns	0x0
大围巾	zh	a	0x2
大土壤	zh	a	0x2
大地毯	zh	a	0x2
大地铁	zh	a	0x2
大地震	zh	a	0x2
大复杂	zh	a	0x2
大多云	zh	m	0x8
大大楼	zh	a	0x2
大大脑	zh	a	0x2
大大衣	zh	a	0x2
大天气	zh	a	0x2
大天鹅	zh	nz	0x0
大太阳	zh	a	0x2
大失望	zh	a	0x2
大女王	zh	a	0x2
大奶奶	zh	a	0x2
大娃娃	zh	a	0x2
大学校	zh	a	0x2
大客厅	zh	n	0x0
大害怕	zh	a	0x2
大家庭	zh	nr	0x0
大寂寞	zh	a	0x2
大少年	zh	a	0x2
大尖的	zh	n	0x0
大山药	zh	a	0x2
大巴黎	zh	a	0x2
大希望	zh	a	0x2
大平原	zh	a	0x2
大平板	zh	a	0x2
大年糕	zh	a	0x2
大德国	zh	a	0x2
大恐惧	zh	a	0x2
大悉尼	zh	a	0x2
大惊讶	zh	a	0x2
大愤怒	zh	a	0x2
大戒指	zh	a	0x2
大战争	zh	a	0x2
大打雷	zh	a	0x2
大报纸	zh	a	0x2
大担心	zh	a	0x2
大拖鞋	zh	a	0x2
大指甲	zh	a	0x2
大排球	zh	a	0x2
大教育	zh	a	0x2
大数据	zh	a	0x2
大整齐	zh	a	0x2
大文学	zh	a	0x2
大方形	zh	a	0x2
大早上	zh	a	0x2
大明亮	zh	a	0x2
大星期	zh	a	0x2
大春天	zh	a	0x2
大晴天	zh	nr	0x0
大曲线	zh	a	0x2
大朋友	zh	a	0x2
大本子	zh	a	0x2
大杂志	zh	a	0x2
大杯子	zh	a	0x2
大枇杷	zh	a	0x2
大枕头	zh	a	0x2
大果酱	zh	a	0x2
大柠檬	zh	a	0x2
大柿子	zh	a	0x2
大桑葚	zh	a	0x2
大椅子	zh	a	0x2
大楼	zh	n	0x0
大榨菜	zh	a	0x2
大汤圆	zh	a	0x2
大沙子	zh	a	0x2
大沙拉	zh	a	0x2
大河马	zh	ns	0x0
大法官	zh	n	0x0
大洋洲	zh	ns	0x0
大海豚	zh	a	0x2
大深夜	zh	a	0x2
大深色	zh	a	0x2
大游艇	zh	a	0x2
大火焰	zh	a	0x2
大烟花	zh	a	0x2
大烤鱼	zh	a	0x2
大熊猫	zh	n	0x0
大特别	zh	a	0x2
大狐狸	zh	a	0x2
大猪肉	zh	a	0x2
大猴子	zh	a	0x2
大玩具	zh	a	0x2
大生物	zh	a	0x2
大电工	zh	a	0x2
大电脑	zh	a	0x2
大男人	zh	a	0x2
大痛苦	zh	a	0x2
大白天	zh	n	0x0
大白色	zh	a	0x2
大白酒	zh	a	0x2
大盒子	zh	a	0x2
大直线	zh	a	0x2
大眉毛	zh	a	0x2
大眼睛	zh	a	0x2
大砧板	zh	a	0x2
大礼物	zh	a	0x2
大福州	zh	a	0x2
大立体	zh	a	0x2
大竹笋	zh	a	0x2
大粗的	zh	a	0x2
大粽子	zh	a	0x2
大红色	zh	a	0x2
大细的	zh	a	0x2
大经理	zh	a	0x2
大绝望	zh	a	0x2
大继续	zh	a	0x2
大绷带	zh	a	0x2
大绿色	zh	a	0x2
大网站	zh	a	0x2
大网页	zh	a	0x2
大羊肉	zh	a	0x2
大美术	zh	a	0x2
大羞愧	zh	a	0x2
大老师	zh	a	0x2
大老鹰	zh	a	0x2
大脑	zh	n	0x0
大腐竹	zh	a	0x2
大自由	zh	a	0x2
大舌头	zh	n	0x0
大芋头	zh	a	0x2
大花园	zh	a	0x2
大苏州	zh	a	0x2
大草莓	zh	a	0x2
大葡萄	zh	a	0x2
大葱	zh	b	0x2
大蒜	zh	n	0x0
大蓝色	zh	a	0x2
大蛋糕	zh	a	0x2
大蜘蛛	zh	a	0x2
大蜜蜂	zh	a	0x2
大血管	zh	a	0x2
大街道	zh	a	0x2
大衣	zh	n	0x0
大衣服	zh	a	0x2
大裙子	zh	a	0x2
大西安	zh	a	0x2
大西瓜	zh	a	0x2
大记者	zh	a	0x2
大证书	zh	a	0x2
大象	zh	n	0x0
大超市	zh	a	0x2
大路人	zh	n	0x0
大连	zh	d	0x3
大透明	zh	a	0x2
大道歉	zh	a	0x2
大邻居	zh	a	0x2
大酸奶	zh	a	0x2
大重要	zh	a	0x2
大钢琴	zh	nz	0x0
大铲子	zh	a	0x2
大长城	zh	a	0x2
大长沙	zh	a	0x2
大阿姨	zh	a	0x2
大隧道	zh	a	0x2
大难看	zh	a	0x2
大雕塑	zh	a	0x2
大雪花	zh	a	0x2
大霜冻	zh	a	0x2
大青岛	zh	a	0x2
大项链	zh	a	0x2
大顾问	zh	a	0x2
大香肠	zh	a	0x2
大骨头	zh	a	0x2
大高兴	zh	a	0x2
大鸭蛋	zh	a	0x2
大鹅蛋	zh	a	0x2
大黄山	zh	ns	0x0
大黄瓜	zh	a	0x2
大黄酒	zh	a	0x2
大龙虾	zh	nr	0x0
天安门	zh	ns	0x0
天气	zh	n	0x0
天津	zh	ns	0x0
天空	zh	n	0x0
天花板	zh	n	0x0
天鹅	zh	nz	0x0
太平洋	zh	ns	0x0
太阳	zh	ns	0x0
失望	zh	v	0x1
头	zh	n	0x0
头发	zh	n	0x0
夹克	zh	n	0x0
奖品	zh	n	0x0
奖杯	zh	n	0x0
奖牌	zh	n	0x0
女人	zh	n	0x0
女儿	zh	n	0x0
女孩	zh	n	0x0
女王	zh	n	0x0
奶奶	zh	n	0x0
奶酪	zh	n	0x0
好	zh	a	0x2
好U盘	zh	a	0x2
好一月	zh	a	0x2
好三月	zh	a	0x2
好丝瓜	zh	a	0x2
好主管	zh	a	0x2
好乘客	zh	a	0x2
好九月	zh	a	0x2
好二月	zh	a	0x2
好二胡	zh	a	0x2
好儿子	zh	a	0x2
好八月	zh	a	0x2
好公正	zh	a	0x2
好兴奋	zh	a	0x2
好冬瓜	zh	a	0x2
好冰川	zh	a	0x2
好决定	zh	a	0x2
好凌乱	zh	a	0x2
好凌晨	zh	a	0x2
好剪刀	zh	a	0x2
好勺子	zh	a	0x2
好医学	zh	a	0x2
好医院	zh	a	0x2
好半岛	zh	a	0x2
好卡片	zh	a	0x2
好厨师	zh	a	0x2
好发票	zh	a	0x2
好可乐	zh	a	0x2
好同学	zh	a	0x2
好同意	zh	a	0x2
好后退	zh	a	0x2
好吵闹	zh	a	0x2
好咸菜	zh	a	0x2
好哲学	zh	a	0x2
好商店	zh	a	0x2
好嘴巴	zh	a	0x2
好围巾	zh	a	0x2
好土壤	zh	a	0x2
好地毯	zh	a	0x2
好地铁	zh	a	0x2
好地震	zh	a	0x2
好复杂	zh	a	0x2
好多云	zh	m	0x8
好大楼	zh	a	0x2
好大脑	zh	a	0x2
好大衣	zh	a	0x2
好天气	zh	a	0x2
好天鹅	zh	a	0x2
好太阳	zh	a	0x2
好失望	zh	a	0x2
好奇	zh	a	0x2
好女王	zh	a	0x2
好奶奶	zh	a	0x2
好娃娃	zh	n	0x0
好学校	zh	a	0x2
好客厅	zh	a	0x2
好害怕	zh	a	0x2
好家庭	zh	a	0x2
好寂寞	zh	a	0x2
好少年	zh	a	0x2
好尖的	zh	a	0x2
好山药	zh	a	0x2
好巴黎	zh	a	0x2
好希望	zh	a	0x2
好平原	zh	a	0x2
好平板	zh	a	0x2
好年糕	zh	a	0x2
好德国	zh	a	0x2
好恐惧	zh	a	0x2
好悉尼	zh	a	0x2
好惊讶	zh	a	0x2
好愤怒	zh	a	0x2
好戒指	zh	a	0x2
好战争	zh	a	0x2
好打雷	zh	a	0x2
好报纸	zh	a	0x2
好担心	zh	a	0x2
好拖鞋	zh	a	0x2
好指甲	zh	a	0x2
好排球	zh	a	0x2
好教育	zh	a	0x2
好整齐	zh	a	0x2
好文学	zh	a	0x2
好方形	zh	a	0x2
好早上	zh	a	0x2
好明亮	zh	a	0x2
好星期	zh	a	0x2
好春天	zh	a	0x2
好晴天	zh	a	0x2
好曲线	zh	a	0x2
好朋友	zh	a	0x2
好本子	zh	a	0x2
好杂志	zh	a	0x2
好杯子	zh	a	0x2
好枇杷	zh	a	0x2
好枕头	zh	a	0x2
好果酱	zh	a	0x2
好柠檬	zh	a	0x2
好柿子	zh	a	0x2
好桑葚	zh	a	0x2
好椅子	zh	a	0x2
好榨菜	zh	a	0x2
好汤圆	zh	a	0x2
好沙子	zh	a	0x2
好沙拉	zh	a	0x2
好河马	zh	a	0x2
好法官	zh	a	0x2
好海豚	zh	a	0x2
好深夜	zh	a	0x2
好深色	zh	a	0x2
好游艇	zh	a	0x2
好火焰	zh	a	0x2
好烟花	zh	a	0x2
好烤鱼	zh	a	0x2
好熊猫	zh	a	0x2
好特别	zh	a	0x2
好狐狸	zh	a	0x2
好猪肉	zh	a	0x2
好猴子	zh	a	0x2
好玩具	zh	a	0x2
好生物	zh	a	0x2
好电工	zh	a	0x2
好电脑	zh	a	0x2
好男人	zh	a	0x2
好痛苦	zh	a	0x2
好白天	zh	a	0x2
好白色	zh	a	0x2
好白酒	zh	a	0x2
好盒子	zh	a	0x2
好直线	zh	a	0x2
好眉毛	zh	a	0x2
好眼睛	zh	a	0x2
好砧板	zh	a	0x2
好礼物	zh	a	0x2
好福州	zh	a	0x2
好立体	zh	a	0x2
好竹笋	zh	a	0x2
好粗的	zh	a	0x2
好粽子	zh	a	0x2
好红色	zh	a	0x2
好细的	zh	a	0x2
好经理	zh	a	0x2
好绝望	zh	a	0x2
好继续	zh	a	0x2
好绷带	zh	a	0x2
好绿色	zh	a	0x2
好网站	zh	a	0x2
好网页	zh	a	0x2
好羊肉	zh	a	0x2
好美术	zh	a	0x2
好羞愧	zh	a	0x2
好老师	zh	a	0x2
好老鹰	zh	a	0x2
好腐竹	zh	a	0x2
好自由	zh	a	0x2
好舌头	zh	a	0x2
好芋头	zh	a	0x2
好花园	zh	a	0x2
好苏州	zh	a	0x2
好草莓	zh	a	0x2
好葡萄	zh	a	0x2
好蓝色	zh	a	0x2
好蛋糕	zh	a	0x2
好蜘蛛	zh	a	0x2
好蜜蜂	zh	a	0x2
好血管	zh	a	0x2
好街道	zh	a	0x2
好衣服	zh	a	0x2
好裙子	zh	a	0x2
好西安	zh	a	0x2
好西瓜	zh	a	0x2
好记者	zh	a	0x2
好证书	zh	a	0x2
好超市	zh	a	0x2
好路人	zh	a	0x2
好透明	zh	a	0x2
好道歉	zh	a	0x2
好邻居	zh	a	0x2
好酸奶	zh	a	0x2
好重要	zh	a	0x2
好钢琴	zh	a	0x2
好铲子	zh	a	0x2
好长城	zh	a	0x2
好长沙	zh	a	0x2
好阿姨	zh	a	0x2
好隧道	zh	a	0x2
好难看	zh	a	0x2
好雕塑	zh	a	0x2
好雪花	zh	a	0x2
好霜冻	zh	a	0x2
好青岛	zh	a	0x2
好项链	zh	a	0x2
好顾问	zh	a	0x2
好香肠	zh	a	0x2
好骨头	zh	a	0x2
好高兴	zh	a	0x2
好鸭蛋	zh	a	0x2
好鹅蛋	zh	a	0x2
好黄山	zh	a	0x2
好黄瓜	zh	a	0x2
好黄酒	zh	a	0x2
好龙虾	zh	a	0x2
姐妹	zh	n	0x0
姐姐	zh	n	0x0
姑姑	zh	n	0x0
威士忌	zh	nr	0x0
娃娃	zh	n	0x0
婚姻	zh	n	0x0
婴儿	zh	n	0x0
嫉妒	zh	v	0x1
孔雀	zh	nr	0x0
字典	zh	n	0x0
季节	zh	n	0x0
孤独	zh	a	0x2
学习	zh	v	0x1
学校	zh	n	0x0
学生	zh	n	0x0
宇航员	zh	n	0x0
安逸	zh	nr	0x0
安静	zh	nr	0x0
宗教	zh	n	0x0
客厅	zh	n	0x0
客户	zh	n	0x0
宫保鸡丁	zh	nr	0x0
害怕	zh	v	0x1
家庭	zh	n	0x0
容易	zh	a	0x2
宽	zh	a	0x2
寂寞	zh	a	0x2
导游	zh	n	0x0
寿司	zh	n	0x0
小	zh	a	0x2
小U盘	zh	a	0x2
小一月	zh	a	0x2
小三月	zh	a	0x2
小丝瓜	zh	a	0x2
小主管	zh	a	0x2
小乘客	zh	a	0x2
小九月	zh	a	0x2
小二月	zh	a	0x2
小二胡	zh	a	0x2
小偷	zh	d	0x3
小儿子	zh	nr	0x0
小八月	zh	a	0x2
小公正	zh	a	0x2
小兴奋	zh	a	0x2
小冬瓜	zh	a	0x2
小冰川	zh	a	0x2
小决定	zh	a	0x2
小凌乱	zh	a	0x2
小凌晨	zh	a	0x2
小剪刀	zh	a	0x2
小勺子	zh	a	0x2
小医学	zh	a	0x2
小医院	zh	a	0x2
小半岛	zh	a	0x2
小卡片	zh	a	0x2
小厨师	zh	a	0x2
小发票	zh	a	0x2
小可乐	zh	a	0x2
小同学	zh	a	0x2
小同意	zh	a	0x2
小后退	zh	a	0x2
小吵闹	zh	a	0x2
小咸菜	zh	a	0x2
小哲学	zh	a	0x2
小商店	zh	n	0x0
小嘴巴	zh	a	0x2
小围巾	zh	a	0x2
小土壤	zh	a	0x2
小地毯	zh	a	0x2
小地铁	zh	a	0x2
小地震	zh	a	0x2
小复杂	zh	a	0x2
小多云	zh	a	0x2
小大楼	zh	a	0x2
小大脑	zh	a	0x2
小大衣	zh	a	0x2
小天气	zh	a	0x2
小天鹅	zh	nr	0x0
小太阳	zh	a	0x2
小失望	zh	a	0x2
小女王	zh	a	0x2
小奶奶	zh	a	0x2
小娃娃	zh	a	0x2
小学校	zh	n	0x0
小孩	zh	n	0x0
小客厅	zh	a	0x2
小害怕	zh	a	0x2
小家庭	zh	nr	0x0
小寂寞	zh	a	0x2
小少年	zh	a	0x2
小尖的	zh	n	0x0
小山药	zh	a	0x2
小巴黎	zh	a	0x2
小希望	zh	a	0x2
小平原	zh	a	0x2
小平板	zh	a	0x2
小年糕	zh	a	0x2
小德国	zh	a	0x2
小恐惧	zh	a	0x2
小悉尼	zh	a	0x2
小惊讶	zh	a	0x2
小愤怒	zh	a	0x2
小戒指	zh	a	0x2
小战争	zh	a	0x2
小打雷	zh	a	0x2
小报纸	zh	a	0x2
小担心	zh	a	0x2
小拖鞋	zh	a	0x2
小指甲	zh	a	0x2
小排球	zh	a	0x2
小提琴	zh	nr	0x0
小教育	zh	a	0x2
小整齐	zh	a	0x2
小文学	zh	a	0x2
小方形	zh	a	0x2
小早上	zh	a	0x2
小明亮	zh	a	0x2
小星期	zh	a	0x2
小春天	zh	a	0x2
小晴天	zh	a	0x2
小曲线	zh	a	0x2
小朋友	zh	n	0x0
小本子	zh	a	0x2
小杂志	zh	a	0x2
小杯子	zh	a	0x2
小枇杷	zh	a	0x2
小枕头	zh	a	0x2
小果酱	zh	a	0x2
小柠檬	zh	a	0x2
小柿子	zh	a	0x2
小桑葚	zh	a	0x2
小椅子	zh	n	0x0
小榨菜	zh	a	0x2
小汤圆	zh	a	0x2
小沙子	zh	a	0x2
小沙拉	zh	a	0x2
小河马	zh	nr	0x0
小法官	zh	a	0x2
小海豚	zh	n	0x0
小深夜	zh	a	0x2
小深色	zh	a	0x2
小游艇	zh	a	0x2
小火焰	zh	a	0x2
小烟花	zh	a	0x2
小烤鱼	zh	a	0x2
小熊猫	zh	nr	0x0
小特别	zh	a	0x2
小狐狸	zh	a	0x2
小猪肉	zh	a	0x2
小猴子	zh	nr	0x0
小玩具	zh	a	0x2
小生物	zh	a	0x2
小电工	zh	a	0x2
小电脑	zh	a	0x2
小男人	zh	a	0x2
小痛苦	zh	a	0x2
小白天	zh	a	0x2
小白色	zh	a	0x2
小白酒	zh	a	0x2
小盒子	zh	nr	0x0
小直线	zh	a	0x2
小眉毛	zh	a	0x2
小眼睛	zh	a	0x2
小砧板	zh	a	0x2
小礼物	zh	a	0x2
小福州	zh	a	0x2
小立体	zh	a	0x2
小竹笋	zh	a	0x2
小粗的	zh	a	0x2
小粽子	zh	a	0x2
小红色	zh	a	0x2
小细的	zh	ad	0x2
小经理	zh	a	0x2
小绝望	zh	a	0x2
小继续	zh	a	0x2
小绷带	zh	a	0x2
小绿色	zh	a	0x2
小网站	zh	a	0x2
小网页	zh	a	0x2
小羊肉	zh	a	0x2
小美术	zh	a	0x2
小羞愧	zh	a	0x2
小老师	zh	a	0x2
小老鹰	zh	a	0x2
小腐竹	zh	a	0x2
小自由	zh	a	0x2
小舌头	zh	a	0x2
小芋头	zh	a	0x2
小花园	zh	a	0x2
小苏州	zh	a	0x2
小草莓	zh	a	0x2
小葡萄	zh	a	0x2
小蓝色	zh	a	0x2
小蛋糕	zh	a	0x2
小蜘蛛	zh	a	0x2
小蜜蜂	zh	nr	0x0
小血管	zh	a	0x2
小街道	zh	a	0x2
小衣服	zh	a	0x2
小裙子	zh	a	0x2
小西安	zh	a	0x2
小西瓜	zh	a	0x2
小记者	zh	a	0x2
小证书	zh	a	0x2
小超市	zh	a	0x2
小路人	zh	n	0x0
小透明	zh	a	0x2
小道歉	zh	a	0x2
小邻居	zh	a	0x2
小酸奶	zh	a	0x2
小重要	zh	a	0x2
小钢琴	zh	a	0x2
小铲子	zh	a	0x2
小长城	zh	a	0x2
小长沙	zh	a	0x2
小阿姨	zh	a	0x2
小隧道	zh	a	0x2
小难看	zh	a	0x2
小雕塑	zh	a	0x2
小雪花	zh	a	0x2
小霜冻	zh	a	0x2
小青岛	zh	nr	0x0
小项链	zh	a	0x2
小顾问	zh	a	0x2
小香肠	zh	a	0x2
小骨头	zh	a	0x2
小高兴	zh	a	0x2
小鸭蛋	zh	a	0x2
小鹅蛋	zh	a	0x2
小黄山	zh	a	0x2
小黄瓜	zh	n	0x0
小黄酒	zh	a	0x2
小龙虾	zh	nr	0x0
少年	zh	m	0x8
尖的	zh	a	0x2
尴尬	zh	a	0x2
尺子	zh	n	0x0
山	zh	n	0x0
山楂	zh	n	0x0
山药	zh	n	0x0
岛屿	zh	n	0x0
岩石	zh	n	0x0
峡谷	zh	n	0x0
工人	zh	n	0x0
工作	zh	vn	0x1
工作日	zh	n	0x0
工程	zh	n	0x0
工程师	zh	n	0x0
巧克力	zh	nr	0x0
巴西	zh	ns	0x0
巴黎	zh	ns	0x0
布丁	zh	nr	0x0
希望	zh	v	0x1
带鱼	zh	v	0x1
常见	zh	a	0x2
帽子	zh	n	0x0
干净	zh	a	0x2
干燥	zh	a	0x2
平原	zh	ns	0x0
平板	zh	n	0x0
平等	zh	a	0x2
平静	zh	a	0x2
平面	zh	n	0x0
年糕	zh	n	0x0
年轻	zh	a	0x2
幸福	zh	a	0x2
广场	zh	n	0x0
广州	zh	ns	0x0
床	zh	n	0x0
床单	zh	n	0x0
应用	zh	v	0x1
建筑	zh	n	0x0
开	zh	v	0x1
开始	zh	v	0x1
开心	zh	v	0x1
弟弟	zh	n	0x0
彩色	zh	n	0x0
彩虹	zh	nz	0x0
律师	zh	n	0x0
德国	zh	ns	0x0
心形	zh	n	0x0
心理学	zh	n	0x0
心脏	zh	n	0x0
志愿者	zh	n	0x0
快	zh	a	0x2
快U盘	zh	a	0x2
快一月	zh	a	0x2
快三月	zh	a	0x2
快丝瓜	zh	a	0x2
快主管	zh	a	0x2
快乐	zh	a	0x2
快乘客	zh	a	0x2
快九月	zh	a	0x2
快二月	zh	a	0x2
快二胡	zh	a	0x2
快儿子	zh	a	0x2
快八月	zh	a	0x2
快公正	zh	a	0x2
快兴奋	zh	a	0x2
快冬瓜	zh	a	0x2
快冰川	zh	a	0x2
快决定	zh	a	0x2
快凌乱	zh	a	0x2
快凌晨	zh	a	0x2
快剪刀	zh	a	0x2
快勺子	zh	a	0x2
快医学	zh	a	0x2
快医院	zh	a	0x2
快半岛	zh	a	0x2
快卡片	zh	a	0x2
快厨师	zh	a	0x2
快发票	zh	a	0x2
快可乐	zh	a	0x2
快同学	zh	a	0x2
快同意	zh	a	0x2
快后退	zh	a	0x2
快吵闹	zh	a	0x2
快咸菜	zh	a	0x2
快哲学	zh	a	0x2
快商店	zh	a	0x2
快嘴巴	zh	a	0x2
快围巾	zh	a	0x2
快土壤	zh	a	0x2
快地毯	zh	a	0x2
快地铁	zh	a	0x2
快地震	zh	a	0x2
快复杂	zh	a	0x2
快多云	zh	a	0x2
快大楼	zh	a	0x2
快大脑	zh	a	0x2
快大衣	zh	a	0x2
快天气	zh	a	0x2
快天鹅	zh	a	0x2
快太阳	zh	a	0x2
快失望	zh	a	0x2
快女王	zh	a	0x2
快奶奶	zh	a	0x2
快娃娃	zh	a	0x2
快学校	zh	a	0x2
快客厅	zh	a	0x2
快害怕	zh	a	0x2
快家庭	zh	a	0x2
快寂寞	zh	a	0x2
快少年	zh	a	0x2
快尖的	zh	a	0x2
快山药	zh	a	0x2
快巴黎	zh	a	0x2
快希望	zh	a	0x2
快平原	zh	a	0x2
快平板	zh	a	0x2
快年糕	zh	a	0x2
快德国	zh	a	0x2
快恐惧	zh	a	0x2
快悉尼	zh	a	0x2
快惊讶	zh	a	0x2
快愤怒	zh	a	0x2
快戒指	zh	a	0x2
快战争	zh	a	0x2
快打雷	zh	a	0x2
快报纸	zh	a	0x2
快担心	zh	a	0x2
快拖鞋	zh	a	0x2
快指甲	zh	a	0x2
快排球	zh	a	0x2
快教育	zh	a	0x2
快整齐	zh	a	0x2
快文学	zh	a	0x2
快方形	zh	a	0x2
快早上	zh	a	0x2
快明亮	zh	a	0x2
快星期	zh	a	0x2
快春天	zh	a	0x2
快晴天	zh	a	0x2
快曲线	zh	a	0x2
快朋友	zh	a	0x2
快本子	zh	a	0x2
快杂志	zh	a	0x2
快杯子	zh	a	0x2
快枇杷	zh	a	0x2
快枕头	zh	a	0x2
快果酱	zh	a	0x2
快柠檬	zh	a	0x2
快柿子	zh	a	0x2
快桑葚	zh	a	0x2
快椅子	zh	a	0x2
快榨菜	zh	a	0x2
快汤圆	zh	a	0x2
快沙子	zh	a	0x2
快沙拉	zh	a	0x2
快河马	zh	a	0x2
快法官	zh	a	0x2
快海豚	zh	a	0x2
快深夜	zh	a	0x2
快深色	zh	a	0x2
快游艇	zh	a	0x2
快火焰	zh	a	0x2
快烟花	zh	a	0x2
快烤鱼	zh	a	0x2
快熊猫	zh	a	0x2
快特别	zh	a	0x2
快狐狸	zh	a	0x2
快猪肉	zh	a	0x2
快猴子	zh	a	0x2
快玩具	zh	a	0x2
快生物	zh	a	0x2
快电工	zh	a	0x2
快电脑	zh	a	0x2
快男人	zh	a	0x2
快痛苦	zh	a	0x2
快白天	zh	a	0x2
快白色	zh	a	0x2
快白酒	zh	a	0x2
快盒子	zh	a	0x2
快直线	zh	a	0x2
快眉毛	zh	a	0x2
快眼睛	zh	a	0x2
快砧板	zh	a	0x2
快礼物	zh	a	0x2
快福州	zh	a	0x2
快立体	zh	a	0x2
快竹笋	zh	a	0x2
快粗的	zh	a	0x2
快粽子	zh	a	0x2
快红色	zh	a	0x2
快细的	zh	a	0x2
快经理	zh	a	0x2
快绝望	zh	a	0x2
快继续	zh	a	0x2
快绷带	zh	a	0x2
快绿色	zh	a	0x2
快网站	zh	a	0x2
快网页	zh	a	0x2
快羊肉	zh	a	0x2
快美术	zh	a	0x2
快羞愧	zh	a	0x2
快老师	zh	a	0x2
快老鹰	zh	a	0x2
快腐竹	zh	a	0x2
快自由	zh	a	0x2
快舌头	zh	a	0x2
快芋头	zh	a	0x2
快花园	zh	a	0x2
快苏州	zh	a	0x2
快草莓	zh	a	0x2
快葡萄	zh	a	0x2
快蓝色	zh	a	0x2
快蛋糕	zh	a	0x2
快蜘蛛	zh	a	0x2
快蜜蜂	zh	a	0x2
快血管	zh	a	0x2
快街道	zh	a	0x2
快衣服	zh	a	0x2
快裙子	zh	a	0x2
快西安	zh	a	0x2
快西瓜	zh	a	0x2
快记者	zh	a	0x2
快证书	zh	a	0x2
快超市	zh	a	0x2
快路人	zh	a	0x2
快透明	zh	a	0x2
快递员	zh	v	0x1
快道歉	zh	a	0x2
快邻居	zh	a	0x2
快酸奶	zh	a	0x2
快重要	zh	a	0x2
快钢琴	zh	a	0x2
快铲子	zh	a	0x2
快长城	zh	a	0x2
快长沙	zh	a	0x2
快阿姨	zh	a	0x2
快隧道	zh	a	0x2
快难看	zh	a	0x2
快雕塑	zh	a	0x2
快雪花	zh	a	0x2
快霜冻	zh	a	0x2
快青岛	zh	a	0x2
快项链	zh	a	0x2
快顾问	zh	a	0x2
快香肠	zh	a	0x2
快骨头	zh	a	0x2
快高兴	zh	a	0x2
快鸭蛋	zh	a	0x2
快鹅蛋	zh	a	0x2
快黄山	zh	a	0x2
快黄瓜	zh	a	0x2
快黄酒	zh	a	0x2
快龙虾	zh	a	0x2
思考	zh	v	0x1
总理	zh	n	0x0
总统	zh	n	0x0
恐惧	zh	an	0x2
恼火	zh	v	0x1
悉尼	zh	ns	0x0
悲伤	zh	a	0x2
惊讶	zh	a	0x2
意大利	zh	ns	0x0
感动	zh	v	0x1
感激	zh	v	0x1
感谢	zh	v	0x1
愤怒	zh	v	0x1
慢	zh	a	0x2
成年人	zh	n	0x0
成都	zh	ns	0x0
戒指	zh	n	0x0
战争	zh	n	0x0
房子	zh	n	0x0
扁的	zh	a	0x2
扁豆	zh	n	0x0
手	zh	n	0x0
手套	zh	n	0x0
手指	zh	n	0x0
手机	zh	n	0x0
手电筒	zh	n	0x0
手臂	zh	n	0x0
手表	zh	n	0x0
手镯	zh	n	0x0
打	zh	v	0x1
打印机	zh	n	0x0
打扫	zh	v	0x1
打雷	zh	v	0x1
扫	zh	v	0x1
扫帚	zh	n	0x0
扫描仪	zh	n	0x0
找	zh	v	0x1
技术	zh	n	0x0
护士	zh	n	0x0
报纸	zh	n	0x0
披萨	zh	n	0x0
抱	zh	v	0x1
担心	zh	v	0x1
拉	zh	v	0x1
拉面	zh	n	0x0
拐杖	zh	n	0x0
拒绝	zh	v	0x1
拖把	zh	nz	0x0
拖拉机	zh	n	0x0
拖鞋	zh	n	0x0
拿	zh	v	0x1
指甲	zh	n	0x0
捡	zh	v	0x1
排球	zh	n	0x0
探险家	zh	n	0x0
接	zh	v	0x1
推	zh	v	0x1
摄影师	zh	n	0x0
摩托车	zh	nz	0x0
擦	zh	v	0x1
收据	zh	n	0x0
放	zh	v	0x1
放松	zh	v	0x1
政治	zh	n	0x0
故宫	zh	n	0x0
救护车	zh	n	0x0
教授	zh	n	0x0
教练	zh	vn	0x1
教育	zh	vn	0x1
敬佩	zh	nr	0x0
数学	zh	n	0x0
数据库	zh	n	0x0
整理	zh	n	0x0
整齐	zh	d	0x3
文凭	zh	n	0x0
文化	zh	n	0x0
文学	zh	n	0x0
斑马	zh	n	0x0
新	zh	a	0x2
新U盘	zh	a	0x2
新一月	zh	a	0x2
新三月	zh	a	0x2
新丝瓜	zh	a	0x2
新主管	zh	a	0x2
新乘客	zh	a	0x2
新九月	zh	a	0x2
新二月	zh	a	0x2
新二胡	zh	a	0x2
新儿子	zh	a	0x2
新八月	zh	a	0x2
新公正	zh	a	0x2
新兴奋	zh	a	0x2
新冬瓜	zh	a	0x2
新冰川	zh	a	0x2
新决定	zh	a	0x2
新凌乱	zh	a	0x2
新凌晨	zh	a	0x2
新剪刀	zh	a	0x2
新加坡	zh	ns	0x0
新勺子	zh	a	0x2
新医学	zh	a	0x2
新医院	zh	a	0x2
新半岛	zh	a	0x2
新卡片	zh	a	0x2
新厨师	zh	a	0x2
新发票	zh	a	0x2
新可乐	zh	a	0x2
新同学	zh	a	0x2
新同意	zh	a	0x2
新后退	zh	a	0x2
新吵闹	zh	a	0x2
新咸菜	zh	a	0x2
新哲学	zh	a	0x2
新商店	zh	a	0x2
新嘴巴	zh	a	0x2
新围巾	zh	a	0x2
新土壤	zh	a	0x2
新地毯	zh	a	0x2
新地铁	zh	a	0x2
新地震	zh	a	0x2
新复杂	zh	a	0x2
新多云	zh	a	0x2
新大楼	zh	a	0x2
新大脑	zh	a	0x2
新大衣	zh	a	0x2
新天气	zh	a	0x2
新天鹅	zh	a	0x2
新太阳	zh	a	0x2
新失望	zh	a	0x2
新女王	zh	a	0x2
新奶奶	zh	a	0x2
新娃娃	zh	a	0x2
新学校	zh	a	0x2
新客厅	zh	a	0x2
新害怕	zh	a	0x2
新家庭	zh	a	0x2
新寂寞	zh	a	0x2
新少年	zh	a	0x2
新尖的	zh	a	0x2
新山药	zh	a	0x2
新巴黎	zh	a	0x2
新希望	zh	a	0x2
新平原	zh	a	0x2
新平板	zh	a	0x2
新年糕	zh	a	0x2
新德国	zh	a	0x2
新恐惧	zh	a	0x2
新悉尼	zh	a	0x2
新惊讶	zh	a	0x2
新愤怒	zh	a	0x2
新戒指	zh	a	0x2
新战争	zh	a	0x2
新打雷	zh	a	0x2
新报纸	zh	a	0x2
新担心	zh	a	0x2
新拖鞋	zh	a	0x2
新指甲	zh	a	0x2
新排球	zh	a	0x2
新教育	zh	a	0x2
新整齐	zh	a	0x2
新文学	zh	nt	0x0
新方形	zh	a	0x2
新早上	zh	a	0x2
新明亮	zh	a	0x2
新星期	zh	a	0x2
新春天	zh	a	0x2
新晴天	zh	a	0x2
新曲线	zh	a	0x2
新朋友	zh	a	0x2
新本子	zh	a	0x2
新杂志	zh	a	0x2
新杯子	zh	a	0x2
新枇杷	zh	a	0x2
新枕头	zh	a	0x2
新果酱	zh	a	0x2
新柠檬	zh	a	0x2
新柿子	zh	a	0x2
新桑葚	zh	a	0x2
新椅子	zh	a	0x2
新榨菜	zh	a	0x2
新汤圆	zh	a	0x2
新沙子	zh	a	0x2
新沙拉	zh	ns	0x0
新河马	zh	ns	0x0
新法官	zh	a	0x2
新海豚	zh	a	0x2
新深夜	zh	a	0x2
新深色	zh	a	0x2
新游艇	zh	a	0x2
新火焰	zh	a	0x2
新烟花	zh	a	0x2
新烤鱼	zh	a	0x2
新熊猫	zh	a	0x2
新特别	zh	a	0x2
新狐狸	zh	a	0x2
新猪肉	zh	a	0x2
新猴子	zh	a	0x2
新玩具	zh	a	0x2
新生物	zh	a	0x2
新电工	zh	a	0x2
新电脑	zh	a	0x2
新男人	zh	a	0x2
新痛苦	zh	a	0x2
新白天	zh	a	0x2
新白色	zh	a	0x2
新白酒	zh	a	0x2
新盒子	zh	a	0x2
新直线	zh	a	0x2
新眉毛	zh	a	0x2
新眼睛	zh	a	0x2
新砧板	zh	a	0x2
新礼物	zh	a	0x2
新福州	zh	a	0x2
新立体	zh	a	0x2
新竹笋	zh	a	0x2
新粗的	zh	a	0x2
新粽子	zh	a	0x2
新红色	zh	a	0x2
新细的	zh	a	0x2
新经理	zh	a	0x2
新绝望	zh	a	0x2
新继续	zh	a	0x2
新绷带	zh	a	0x2
新绿色	zh	a	0x2
新网站	zh	a	0x2
新网页	zh	a	0x2
新羊肉	zh	a	0x2
新美术	zh	a	0x2
新羞愧	zh	a	0x2
新老师	zh	a	0x2
新老鹰	zh	a	0x2
新腐竹	zh	a	0x2
新自由	zh	a	0x2
新舌头	zh	a	0x2
新芋头	zh	a	0x2
新花园	zh	a	0x2
新苏州	zh	a	0x2
新草莓	zh	a	0x2
新葡萄	zh	a	0x2
新蓝色	zh	a	0x2
新蛋糕	zh	a	0x2
新蜘蛛	zh	a	0x2
新蜜蜂	zh	a	0x2
新血管	zh	a	0x2
新街道	zh	a	0x2
新衣服	zh	a	0x2
新裙子	zh	a	0x2
新西安	zh	a	0x2
新西瓜	zh	a	0x2
新记者	zh	a	0x2
新证书	zh	a	0x2
新超市	zh	a	0x2
新路人	zh	nz	0x0
新透明	zh	a	0x2
新道歉	zh	a	0x2
新邻居	zh	a	0x2
新酸奶	zh	a	0x2
新重要	zh	a	0x2
新钢琴	zh	a	0x2
新铲子	zh	a	0x2
新长城	zh	a	0x2
新长沙	zh	a	0x2
新阿姨	zh	a	0x2
新隧道	zh	a	0x2
新难看	zh	a	0x2
新雕塑	zh	a	0x2
新雪花	zh	a	0x2
新霜冻	zh	a	0x2
新青岛	zh	a	0x2
新项链	zh	a	0x2
新顾问	zh	a	0x2
新香肠	zh	a	0x2
新骨头	zh	a	0x2
新高兴	zh	a	0x2
新鸭蛋	zh	a	0x2
新鹅蛋	zh	a	0x2
新黄山	zh	a	0x2
新黄瓜	zh	a	0x2
新黄酒	zh	a	0x2
新龙虾	zh	a	0x2
方形	zh	n	0x0
旅行	zh	vn	0x1
无人机	zh	l	0xF
无聊	zh	a	0x2
无花果	zh	i	0xD
日历	zh	t	0xA
日本	zh	ns	0x0
旧	zh	a	0x2
旧U盘	zh	a	0x2
旧一月	zh	a	0x2
旧三月	zh	a	0x2
旧丝瓜	zh	a	0x2
旧主管	zh	a	0x2
旧乘客	zh	a	0x2
旧九月	zh	a	0x2
旧二月	zh	a	0x2
旧二胡	zh	a	0x2
旧儿子	zh	a	0x2
旧八月	zh	a	0x2
旧公正	zh	a	0x2
旧兴奋	zh	a	0x2
旧冬瓜	zh	a	0x2
旧冰川	zh	a	0x2
旧决定	zh	a	0x2
旧凌乱	zh	a	0x2
旧凌晨	zh	a	0x2
旧剪刀	zh	a	0x2
旧勺子	zh	a	0x2
旧医学	zh	a	0x2
旧医院	zh	a	0x2
旧半岛	zh	a	0x2
旧卡片	zh	a	0x2
旧厨师	zh	a	0x2
旧发票	zh	a	0x2
旧可乐	zh	a	0x2
旧同学	zh	a	0x2
旧同意	zh	a	0x2
旧后退	zh	a	0x2
旧吵闹	zh	a	0x2
旧咸菜	zh	a	0x2
旧哲学	zh	a	0x2
旧商店	zh	a	0x2
旧嘴巴	zh	a	0x2
旧围巾	zh	a	0x2
旧土壤	zh	a	0x2
旧地毯	zh	a	0x2
旧地铁	zh	a	0x2
旧地震	zh	a	0x2
旧复杂	zh	a	0x2
旧多云	zh	a	0x2
旧大楼	zh	a	0x2
旧大脑	zh	a	0x2
旧大衣	zh	a	0x2
旧天气	zh	a	0x2
旧天鹅	zh	a	0x2
旧太阳	zh	a	0x2
旧失望	zh	a	0x2
旧女王	zh	a	0x2
旧奶奶	zh	a	0x2
旧娃娃	zh	a	0x2
旧学校	zh	a	0x2
旧客厅	zh	a	0x2
旧害怕	zh	a	0x2
旧家庭	zh	a	0x2
旧寂寞	zh	a	0x2
旧少年	zh	a	0x2
旧尖的	zh	a	0x2
旧山药	zh	a	0x2
旧巴黎	zh	a	0x2
旧希望	zh	a	0x2
旧平原	zh	a	0x2
旧平板	zh	a	0x2
旧年糕	zh	a	0x2
旧德国	zh	a	0x2
旧恐惧	zh	a	0x2
旧悉尼	zh	a	0x2
旧惊讶	zh	a	0x2
旧愤怒	zh	a	0x2
旧戒指	zh	a	0x2
旧战争	zh	a	0x2
旧打雷	zh	a	0x2
旧报纸	zh	a	0x2
旧担心	zh	a	0x2
旧拖鞋	zh	a	0x2
旧指甲	zh	a	0x2
旧排球	zh	a	0x2
旧教育	zh	a	0x2
旧整齐	zh	a	0x2
旧文学	zh	a	0x2
旧方形	zh	a	0x2
旧早上	zh	a	0x2
旧明亮	zh	a	0x2
旧星期	zh	a	0x2
旧春天	zh	a	0x2
旧晴天	zh	a	0x2
旧曲线	zh	a	0x2
旧朋友	zh	a	0x2
旧本子	zh	a	0x2
旧杂志	zh	a	0x2
旧杯子	zh	a	0x2
旧枇杷	zh	a	0x2
旧枕头	zh	a	0x2
旧果酱	zh	a	0x2
旧柠檬	zh	a	0x2
旧柿子	zh	a	0x2
旧桑葚	zh	a	0x2
旧椅子	zh	a	0x2
旧榨菜	zh	a	0x2
旧汤圆	zh	a	0x2
旧沙子	zh	a	0x2
旧沙拉	zh	a	0x2
旧河马	zh	a	0x2
旧法官	zh	a	0x2
旧海豚	zh	a	0x2
旧深夜	zh	a	0x2
旧深色	zh	a	0x2
旧游艇	zh	a	0x2
旧火焰	zh	a	0x2
旧烟花	zh	a	0x2
旧烤鱼	zh	a	0x2
旧熊猫	zh	a	0x2
旧特别	zh	a	0x2
旧狐狸	zh	a	0x2
旧猪肉	zh	a	0x2
旧猴子	zh	a	0x2
旧玩具	zh	a	0x2
旧生物	zh	a	0x2
旧电工	zh	a	0x2
旧电脑	zh	n	0x0
旧男人	zh	a	0x2
旧痛苦	zh	a	0x2
旧白天	zh	a	0x2
旧白色	zh	a	0x2
旧白酒	zh	a	0x2
旧盒子	zh	a	0x2
旧直线	zh	a	0x2
旧眉毛	zh	a	0x2
旧眼睛	zh	a	0x2
旧砧板	zh	a	0x2
旧礼物	zh	a	0x2
旧福州	zh	a	0x2
旧立体	zh	a	0x2
旧竹笋	zh	a	0x2
旧粗的	zh	a	0x2
旧粽子	zh	a	0x2
旧红色	zh	a	0x2
旧细的	zh	a	0x2
旧经理	zh	a	0x2
旧绝望	zh	a	0x2
旧继续	zh	a	0x2
旧绷带	zh	a	0x2
旧绿色	zh	a	0x2
旧网站	zh	a	0x2
旧网页	zh	a	0x2
旧羊肉	zh	a	0x2
旧美术	zh	a	0x2
旧羞愧	zh	a	0x2
旧老师	zh	a	0x2
旧老鹰	zh	a	0x2
旧腐竹	zh	a	0x2
旧自由	zh	a	0x2
旧舌头	zh	a	0x2
旧芋头	zh	a	0x2
旧花园	zh	a	0x2
旧苏州	zh	a	0x2
旧草莓	zh	a	0x2
旧葡萄	zh	a	0x2
旧蓝色	zh	a	0x2
旧蛋糕	zh	a	0x2
旧蜘蛛	zh	a	0x2
旧蜜蜂	zh	a	0x2
旧血管	zh	a	0x2
旧街道	zh	a	0x2
旧衣服	zh	n	0x0
旧裙子	zh	a	0x2
旧西安	zh	a	0x2
旧西瓜	zh	a	0x2
旧记者	zh	a	0x2
旧证书	zh	a	0x2
旧超市	zh	a	0x2
旧路人	zh	a	0x2
旧透明	zh	a	0x2
旧道歉	zh	a	0x2
旧邻居	zh	a	0x2
旧酸奶	zh	a	0x2
旧重要	zh	a	0x2
旧钢琴	zh	a	0x2
旧铲子	zh	a	0x2
旧长城	zh	a	0x2
旧长沙	zh	a	0x2
旧阿姨	zh	a	0x2
旧隧道	zh	a	0x2
旧难看	zh	a	0x2
旧雕塑	zh	a	0x2
旧雪花	zh	a	0x2
旧霜冻	zh	a	0x2
旧青岛	zh	a	0x2
旧项链	zh	a	0x2
旧顾问	zh	a	0x2
旧香肠	zh	a	0x2
旧骨头	zh	a	0x2
旧高兴	zh	a	0x2
旧鸭蛋	zh	a	0x2
旧鹅蛋	zh	a	0x2
旧黄山	zh	a	0x2
旧黄瓜	zh	a	0x2
旧黄酒	zh	a	0x2
旧龙虾	zh	a	0x2
早	zh	a	0x2
早上	zh	t	0xA
明亮	zh	a	0x2
星形	zh	n	0x0
星星	zh	nz	0x0
星期	zh	t	0xA
春天	zh	t	0xA
显示器	zh	n	0x0
晚	zh	tg	0xA
晚上	zh	t	0xA
普通	zh	nz	0x0
晴天	zh	nz	0x0
智能家居	zh	nr	0x0
暗淡	zh	a	0x2
曲线	zh	n	0x0
曼谷	zh	ns	0x0
月亮	zh	n	0x0
月份	zh	n	0x0
月饼	zh	n	0x0
朋友	zh	n	0x0
服务器	zh	n	0x0
木匠	zh	n	0x0
木瓜	zh	n	0x0
木耳	zh	nr	0x0
本子	zh	n	0x0
机器人	zh	n	0x0
机场	zh	n	0x0
杂志	zh	n	0x0
李子	zh	nr	0x0
杏子	zh	n	0x0
杏鲍菇	zh	v	0x1
来	zh	v	0x1
杨梅	zh	nr	0x0
杭州	zh	ns	0x0
杯子	zh	n	0x0
枇杷	zh	n	0x0
枕头	zh	n	0x0
果实	zh	d	0x3
果汁	zh	n	0x0
果酱	zh	n	0x0
柏林	zh	nr	0x0
柚子	zh	n	0x0
柠檬	zh	n	0x0
柿子	zh	n	0x0
树	zh	v	0x1
树干	zh	n	0x0
树林	zh	n	0x0
树枝	zh	n	0x0
树皮	zh	n	0x0
核桃仁	zh	n	0x0
根	zh	p	0x5
桃子	zh	n	0x0
桌子	zh	n	0x0
桑葚	zh	nr	0x0
桥	zh	n	0x0
梨子	zh	n	0x0
棉衣	zh	n	0x0
棒球	zh	n	0x0
棕色	zh	n	0x0
森林	zh	n	0x0
椅子	zh	n	0x0
椭圆形	zh	n	0x0
椰子	zh	n	0x0
榨菜	zh	n	0x0
榴莲	zh	n	0x0
模型	zh	n	0x0
模糊	zh	a	0x2
樱桃	zh	n	0x0
橘子	zh	n	0x0
橙子	zh	n	0x0
橙色	zh	n	0x0
次要	zh	b	0x2
欣慰	zh	v	0x1
欧洲	zh	ns	0x0
歌手	zh	n	0x0
正义	zh	n	0x0
武汉	zh	ns	0x0
母亲	zh	n	0x0
毛巾	zh	nr	0x0
毛衣	zh	n	0x0
毛豆	zh	n	0x0
民主	zh	n	0x0
民族	zh	n	0x0
气球	zh	n	0x0
水壶	zh	n	0x0
汉堡	zh	ns	0x0
江	zh	nr	0x0
汤圆	zh	nr	0x0
汽车	zh	n	0x0
汽车模型	zh	n	0x0
沙发	zh	nz	0x0
沙子	zh	n	0x0
沙尘暴	zh	nr	0x0
沙拉	zh	nr	0x0
沙滩	zh	nr	0x0
沙漠	zh	n	0x0
沮丧	zh	a	0x2
河	zh	ns	0x0
河马	zh	ns	0x0
油麦菜	zh	n	0x0
泉	zh	ns	0x0
法国	zh	ns	0x0
法官	zh	n	0x0
法律	zh	n	0x0
法治	zh	n	0x0
泡菜	zh	n	0x0
泥土	zh	n	0x0
泰国	zh	ns	0x0
泰山	zh	ns	0x0
洋葱	zh	n	0x0
洗	zh	v	0x1
洗衣机	zh	n	0x0
浅色	zh	n	0x0
济南	zh	ns	0x0
浴室	zh	n	0x0
浴巾	zh	n	0x0
海	zh	n	0x0
海带	zh	n	0x0
海豚	zh	n	0x0
消防员	zh	n	0x0
消防车	zh	n	0x0
深圳	zh	ns	0x0
深夜	zh	t	0xA
深色	zh	n	0x0
清晰	zh	a	0x2
清蒸鱼	zh	n	0x0
温暖	zh	an	0x2
港口	zh	n	0x0
游客	zh	n	0x0
游戏	zh	n	0x0
游艇	zh	n	0x0
湖	zh	ns	0x0
溪	zh	n	0x0
滑板车	zh	n	0x0
满意	zh	v	0x1
满足	zh	v	0x1
漂亮	zh	a	0x2
演员	zh	n	0x0
潜艇	zh	n	0x0
潮湿	zh	a	0x2
澳大利亚	zh	ns	0x0
激动	zh	a	0x2
瀑布	zh	n	0x0
火	zh	n	0x0
火山	zh	n	0x0
火焰	zh	n	0x0
火箭	zh	n	0x0
火腿	zh	n	0x0
火车	zh	n	0x0
火锅	zh	n	0x0
火龙果	zh	n	0x0
灰尘	zh	n	0x0
灰色	zh	n	0x0
炒	zh	v	0x1
炖	zh	v	0x1
炖牛肉	zh	n	0x0
炸	zh	n	0x0
炸虾	zh	n	0x0
炸鸡	zh	n	0x0
烟花	zh	n	0x0
烤	zh	v	0x1
烤鱼	zh	n	0x0
烤鸡翅	zh	n	0x0
烧烤	zh	v	0x1
热	zh	n	0x0
热狗	zh	n	0x0
焦虑	zh	a	0x2
照片	zh	n	0x0
煮	zh	v	0x1
熊	zh	nr	0x0
熊猫	zh	nr	0x0
燕子	zh	nr	0x0
爱情	zh	n	0x0
父亲	zh	n	0x0
父母	zh	n	0x0
爷爷	zh	n	0x0
牙刷	zh	vn	0x1
牙膏	zh	n	0x0
牙齿	zh	n	0x0
牛	zh	n	0x0
牛仔裤	zh	n	0x0
牛奶	zh	n	0x0
牛排	zh	n	0x0
牛油果	zh	n	0x0
牛肉	zh	n	0x0
物理	zh	n	0x0
物联网	zh	zg	0x7
特别	zh	d	0x3
犀牛	zh	n	0x0
狐狸	zh	n	0x0
狗	zh	n	0x0
狮子	zh	n	0x0
狼	zh	n	0x0
猕猴桃	zh	n	0x0
猪	zh	n	0x0
猪排	zh	n	0x0
猪肉	zh	n	0x0
猫	zh	n	0x0
猫头鹰	zh	n	0x0
猴子	zh	n	0x0
玩具	zh	n	0x0
玩耍	zh	v	0x1
珊瑚	zh	n	0x0
珠穆朗玛峰	zh	ns	0x0
球	zh	n	0x0
球形	zh	n	0x0
理发师	zh	n	0x0
瓶子	zh	n	0x0
甘蔗	zh	n	0x0
生姜	zh	n	0x0
生气	zh	n	0x0
生物	zh	n	0x0
生菜	zh	n	0x0
电动车	zh	n	0x0
电工	zh	n	0x0
电影院	zh	n	0x0
电池	zh	n	0x0
电脑	zh	n	0x0
电视	zh	n	0x0
男人	zh	n	0x0
男孩	zh	n	0x0
画	zh	n	0x0
画家	zh	n	0x0
番茄	zh	n	0x0
疫苗	zh	n	0x0
疲惫	zh	a	0x2
病人	zh	n	0x0
痛苦	zh	an	0x2
白天	zh	t	0xA
白果	zh	n	0x0
白色	zh	n	0x0
白菜	zh	n	0x0
白酒	zh	n	0x0
百香果	zh	n	0x0
皮带	zh	n	0x0
皮肤	zh	n	0x0
皮鞋	zh	n	0x0
盆地	zh	n	0x0
盒子	zh	n	0x0
盘子	zh	n	0x0
直升机	zh	n	0x0
直线	zh	n	0x0
相机	zh	d	0x3
眉毛	zh	n	0x0
看	zh	v	0x1
真理	zh	n	0x0
眼睛	zh	n	0x0
眼镜	zh	n	0x0
睡	zh	v	0x1
睫毛	zh	n	0x0
短	zh	a	0x2
短裤	zh	n	0x0
石头	zh	n	0x0
石榴	zh	n	0x0
研究员	zh	n	0x0
砧板	zh	n	0x0
硬盘	zh	n	0x0
碗	zh	q	0x9
礁石	zh	n	0x0
礼物	zh	n	0x0
社会	zh	n	0x0
祝贺	zh	nr	0x0
神经	zh	n	0x0
福州	zh	ns	0x0
秋天	zh	t	0xA
种子	zh	n	0x0
科学	zh	n	0x0
科学家	zh	n	0x0
秘书	zh	n	0x0
积木	zh	n	0x0
程序	zh	n	0x0
程序员	zh	n	0x0
空姐	zh	n	0x0
空心菜	zh	n	0x0
空调	zh	n	0x0
窄	zh	a	0x2
窗帘	zh	n	0x0
窗户	zh	n	0x0
立体	zh	n	0x0
立方体	zh	nr	0x0
站	zh	v	0x1
竹笋	zh	n	0x0
笑	zh	v	0x1
笔	zh	n	0x0
笔记本	zh	n	0x0
笛子	zh	n	0x0
等	zh	u	0x7
筷子	zh	n	0x0
简单	zh	a	0x2
算法	zh	n	0x0
管理	zh	vn	0x1
篮球	zh	n	0x0
米饭	zh	n	0x0
粉色	zh	n	0x0
粗的	zh	a	0x2
粽子	zh	n	0x0
精力充沛	zh	l	0xF
糖果	zh	n	0x0
糖醋排骨	zh	l	0xF
紧张	zh	a	0x2
紫色	zh	n	0x0
紫菜	zh	n	0x0
红U盘	zh	a	0x2
红一月	zh	a	0x2
红三月	zh	a	0x2
红丝瓜	zh	a	0x2
红主管	zh	a	0x2
红乘客	zh	a	0x2
红九月	zh	a	0x2
红二月	zh	a	0x2
红二胡	zh	a	0x2
红儿子	zh	a	0x2
红八月	zh	a	0x2
红公正	zh	a	0x2
红兴奋	zh	a	0x2
红冬瓜	zh	a	0x2
红冰川	zh	a	0x2
红决定	zh	a	0x2
红凌乱	zh	a	0x2
红凌晨	zh	a	0x2
红剪刀	zh	a	0x2
红勺子	zh	a	0x2
红医学	zh	a	0x2
红医院	zh	a	0x2
红半岛	zh	a	0x2
红卡片	zh	a	0x2
红厨师	zh	a	0x2
红发票	zh	a	0x2
红可乐	zh	a	0x2
红同学	zh	a	0x2
红同意	zh	a	0x2
红后退	zh	a	0x2
红吵闹	zh	a	0x2
红咸菜	zh	a	0x2
红哲学	zh	a	0x2
红商店	zh	a	0x2
红嘴巴	zh	a	0x2
红围巾	zh	a	0x2
红土壤	zh	a	0x2
红地毯	zh	nz	0x0
红地铁	zh	a	0x2
红地震	zh	a	0x2
红复杂	zh	a	0x2
红多云	zh	a	0x2
红大楼	zh	a	0x2
红大脑	zh	a	0x2
红大衣	zh	a	0x2
红天气	zh	a	0x2
红天鹅	zh	a	0x2
红太阳	zh	nr	0x0
红失望	zh	a	0x2
红女王	zh	a	0x2
红奶奶	zh	a	0x2
红娃娃	zh	a	0x2
红学校	zh	a	0x2
红客厅	zh	a	0x2
红害怕	zh	a	0x2
红家庭	zh	a	0x2
红寂寞	zh	a	0x2
红少年	zh	a	0x2
红尖的	zh	n	0x0
红山药	zh	a	0x2
红巴黎	zh	a	0x2
红希望	zh	a	0x2
红平原	zh	a	0x2
红平板	zh	a	0x2
红年糕	zh	a	0x2
红德国	zh	a	0x2
红恐惧	zh	a	0x2
红悉尼	zh	a	0x2
红惊讶	zh	a	0x2
红愤怒	zh	a	0x2
红戒指	zh	a	0x2
红战争	zh	a	0x2
红打雷	zh	a	0x2
红报纸	zh	a	0x2
红担心	zh	a	0x2
红拖鞋	zh	a	0x2
红指甲	zh	a	0x2
红排球	zh	a	0x2
红教育	zh	a	0x2
红整齐	zh	a	0x2
红文学	zh	a	0x2
红方形	zh	a	0x2
红早上	zh	a	0x2
红明亮	zh	a	0x2
红星期	zh	a	0x2
红春天	zh	a	0x2
红晴天	zh	a	0x2
红曲线	zh	a	0x2
红朋友	zh	a	0x2
红本子	zh	a	0x2
红杂志	zh	a	0x2
红杯子	zh	a	0x2
红枇杷	zh	a	0x2
红枕头	zh	a	0x2
红果酱	zh	a	0x2
红柠檬	zh	a	0x2
红柿子	zh	a	0x2
红桑葚	zh	a	0x2
红椅子	zh	a	0x2
红榨菜	zh	a	0x2
红汤圆	zh	a	0x2
红沙子	zh	a	0x2
红沙拉	zh	a	0x2
红河马	zh	ns	0x0
红法官	zh	a	0x2
红海豚	zh	a	0x2
红深夜	zh	a	0x2
红深色	zh	a	0x2
红游艇	zh	a	0x2
红火焰	zh	a	0x2
红烟花	zh	a	0x2
红烤鱼	zh	a	0x2
红烧肉	zh	n	0x0
红熊猫	zh	a	0x2
红特别	zh	a	0x2
红狐狸	zh	nr	0x0
红猪肉	zh	a	0x2
红猴子	zh	a	0x2
红玩具	zh	a	0x2
红生物	zh	a	0x2
红电工	zh	a	0x2
红电脑	zh	a	0x2
红男人	zh	a	0x2
红痛苦	zh	a	0x2
红白天	zh	a	0x2
红白色	zh	a	0x2
红白酒	zh	a	0x2
红盒子	zh	a	0x2
红直线	zh	a	0x2
红眉毛	zh	a	0x2
红眼睛	zh	a	0x2
红砧板	zh	a	0x2
红礼物	zh	a	0x2
红福州	zh	a	0x2
红立体	zh	a	0x2
红竹笋	zh	a	0x2
红粗的	zh	a	0x2
红粽子	zh	a	0x2
红红色	zh	a	0x2
红细的	zh	a	0x2
红经理	zh	a	0x2
红绝望	zh	a	0x2
红继续	zh	a	0x2
红绷带	zh	a	0x2
红绿色	zh	a	0x2
红网站	zh	a	0x2
红网页	zh	a	0x2
红羊肉	zh	a	0x2
红美术	zh	a	0x2
红羞愧	zh	a	0x2
红老师	zh	a	0x2
红老鹰	zh	a	0x2
红腐竹	zh	a	0x2
红自由	zh	a	0x2
红舌头	zh	a	0x2
红色	zh	n	0x0
红芋头	zh	a	0x2
红花园	zh	a	0x2
红苏州	zh	a	0x2
红草莓	zh	a	0x2
红葡萄	zh	n	0x0
红蓝色	zh	a	0x2
红薯	zh	n	0x0
红蛋糕	zh	a	0x2
红蜘蛛	zh	n	0x0
红蜜蜂	zh	a	0x2
红血管	zh	a	0x2
红街道	zh	a	0x2
红衣服	zh	n	0x0
红裙子	zh	a	0x2
红西安	zh	a	0x2
红西瓜	zh	a	0x2
红记者	zh	a	0x2
红证书	zh	a	0x2
红超市	zh	a	0x2
红路人	zh	nz	0x0
红透明	zh	a	0x2
红道歉	zh	a	0x2
红邻居	zh	a	0x2
红酒	zh	n	0x0
红酸奶	zh	a	0x2
红重要	zh	a	0x2
红钢琴	zh	a	0x2
红铲子	zh	a	0x2
红长城	zh	a	0x2
红长沙	zh	a	0x2
红阿姨	zh	a	0x2
红隧道	zh	a	0x2
红难看	zh	a	0x2
红雕塑	zh	a	0x2
红雪花	zh	a	0x2
红霜冻	zh	a	0x2
红青岛	zh	a	0x2
红项链	zh	a	0x2
红顾问	zh	a	0x2
红香肠	zh	a	0x2
红骨头	zh	a	0x2
红高兴	zh	a	0x2
红鸭蛋	zh	a	0x2
红鹅蛋	zh	a	0x2
红黄山	zh	a	0x2
红黄瓜	zh	a	0x2
红黄酒	zh	a	0x2
红龙虾	zh	a	0x2
纸	zh	n	0x0
纽约	zh	ns	0x0
线	zh	n	0x0
细的	zh	a	0x2
经济	zh	n	0x0
经理	zh	n	0x0
结束	zh	v	0x1
给	zh	p	0x5
绝望	zh	v	0x1
继续	zh	v	0x1
绳子	zh	n	0x0
绷带	zh	n	0x0
绿U盘	zh	a	0x2
绿一月	zh	a	0x2
绿三月	zh	a	0x2
绿丝瓜	zh	a	0x2
绿主管	zh	a	0x2
绿乘客	zh	a	0x2
绿九月	zh	a	0x2
绿二月	zh	a	0x2
绿二胡	zh	a	0x2
绿儿子	zh	a	0x2
绿八月	zh	a	0x2
绿公正	zh	a	0x2
绿兴奋	zh	a	0x2
绿冬瓜	zh	a	0x2
绿冰川	zh	a	0x2
绿决定	zh	a	0x2
绿凌乱	zh	a	0x2
绿凌晨	zh	a	0x2
绿剪刀	zh	a	0x2
绿勺子	zh	a	0x2
绿医学	zh	a	0x2
绿医院	zh	a	0x2
绿半岛	zh	a	0x2
绿卡片	zh	a	0x2
绿厨师	zh	a	0x2
绿发票	zh	a	0x2
绿可乐	zh	a	0x2
绿同学	zh	a	0x2
绿同意	zh	a	0x2
绿后退	zh	a	0x2
绿吵闹	zh	a	0x2
绿咸菜	zh	a	0x2
绿哲学	zh	a	0x2
绿商店	zh	a	0x2
绿嘴巴	zh	a	0x2
绿围巾	zh	a	0x2
绿土壤	zh	a	0x2
绿地毯	zh	a	0x2
绿地铁	zh	a	0x2
绿地震	zh	a	0x2
绿复杂	zh	a	0x2
绿多云	zh	a	0x2
绿大楼	zh	a	0x2
绿大脑	zh	a	0x2
绿大衣	zh	a	0x2
绿天气	zh	a	0x2
绿天鹅	zh	a	0x2
绿太阳	zh	a	0x2
绿失望	zh	a	0x2
绿女王	zh	a	0x2
绿奶奶	zh	a	0x2
绿娃娃	zh	a	0x2
绿学校	zh	a	0x2
绿客厅	zh	a	0x2
绿害怕	zh	a	0x2
绿家庭	zh	a	0x2
绿寂寞	zh	a	0x2
绿少年	zh	a	0x2
绿尖的	zh	n	0x0
绿山药	zh	a	0x2
绿巴黎	zh	a	0x2
绿希望	zh	a	0x2
绿平原	zh	a	0x2
绿平板	zh	a	0x2
绿年糕	zh	a	0x2
绿德国	zh	a	0x2
绿恐惧	zh	a	0x2
绿悉尼	zh	a	0x2
绿惊讶	zh	a	0x2
绿愤怒	zh	a	0x2
绿戒指	zh	a	0x2
绿战争	zh	a	0x2
绿打雷	zh	a	0x2
绿报纸	zh	a	0x2
绿担心	zh	a	0x2
绿拖鞋	zh	a	0x2
绿指甲	zh	a	0x2
绿排球	zh	a	0x2
绿教育	zh	a	0x2
绿整齐	zh	a	0x2
绿文学	zh	a	0x2
绿方形	zh	a	0x2
绿早上	zh	a	0x2
绿明亮	zh	a	0x2
绿星期	zh	a	0x2
绿春天	zh	a	0x2
绿晴天	zh	a	0x2
绿曲线	zh	a	0x2
绿朋友	zh	a	0x2
绿本子	zh	a	0x2
绿杂志	zh	a	0x2
绿杯子	zh	a	0x2
绿枇杷	zh	a	0x2
绿枕头	zh	a	0x2
绿果酱	zh	a	0x2
绿柠檬	zh	a	0x2
绿柿子	zh	a	0x2
绿桑葚	zh	a	0x2
绿椅子	zh	a	0x2
绿榨菜	zh	a	0x2
绿汤圆	zh	a	0x2
绿沙子	zh	a	0x2
绿沙拉	zh	a	0x2
绿河马	zh	a	0x2
绿法官	zh	a	0x2
绿海豚	zh	a	0x2
绿深夜	zh	a	0x2
绿深色	zh	a	0x2
绿游艇	zh	a	0x2
绿火焰	zh	a	0x2
绿烟花	zh	a	0x2
绿烤鱼	zh	a	0x2
绿熊猫	zh	a	0x2
绿特别	zh	a	0x2
绿狐狸	zh	a	0x2
绿猪肉	zh	a	0x2
绿猴子	zh	a	0x2
绿玩具	zh	a	0x2
绿生物	zh	a	0x2
绿电工	zh	a	0x2
绿电脑	zh	a	0x2
绿男人	zh	a	0x2
绿痛苦	zh	a	0x2
绿白天	zh	a	0x2
绿白色	zh	a	0x2
绿白酒	zh	a	0x2
绿盒子	zh	a	0x2
绿直线	zh	a	0x2
绿眉毛	zh	a	0x2
绿眼睛	zh	a	0x2
绿砧板	zh	a	0x2
绿礼物	zh	a	0x2
绿福州	zh	a	0x2
绿立体	zh	a	0x2
绿竹笋	zh	a	0x2
绿粗的	zh	a	0x2
绿粽子	zh	a	0x2
绿红色	zh	a	0x2
绿细的	zh	a	0x2
绿经理	zh	a	0x2
绿绝望	zh	a	0x2
绿继续	zh	a	0x2
绿绷带	zh	a	0x2
绿绿色	zh	a	0x2
绿网站	zh	a	0x2
绿网页	zh	a	0x2
绿羊肉	zh	a	0x2
绿美术	zh	a	0x2
绿羞愧	zh	a	0x2
绿老师	zh	a	0x2
绿老鹰	zh	a	0x2
绿腐竹	zh	a	0x2
绿自由	zh	a	0x2
绿舌头	zh	a	0x2
绿色	zh	n	0x0
绿芋头	zh	a	0x2
绿花园	zh	a	0x2
绿苏州	zh	a	0x2
绿草莓	zh	a	0x2
绿葡萄	zh	a	0x2
绿蓝色	zh	a	0x2
绿蛋糕	zh	a	0x2
绿蜘蛛	zh	a	0x2
绿蜜蜂	zh	a	0x2
绿血管	zh	a	0x2
绿街道	zh	a	0x2
绿衣服	zh	a	0x2
绿裙子	zh	a	0x2
绿西安	zh	a	0x2
绿西瓜	zh	a	0x2
绿记者	zh	a	0x2
绿证书	zh	a	0x2
绿超市	zh	a	0x2
绿路人	zh	n	0x0
绿透明	zh	a	0x2
绿道歉	zh	a	0x2
绿邻居	zh	a	0x2
绿酸奶	zh	a	0x2
绿重要	zh	a	0x2
绿钢琴	zh	a	0x2
绿铲子	zh	a	0x2
绿长城	zh	a	0x2
绿长沙	zh	a	0x2
绿阿姨	zh	a	0x2
绿隧道	zh	a	0x2
绿难看	zh	a	0x2
绿雕塑	zh	a	0x2
绿雪花	zh	a	0x2
绿霜冻	zh	a	0x2
绿青岛	zh	a	0x2
绿项链	zh	a	0x2
绿顾问	zh	a	0x2
绿香肠	zh	a	0x2
绿骨头	zh	a	0x2
绿高兴	zh	a	0x2
绿鸭蛋	zh	a	0x2
绿鹅蛋	zh	a	0x2
绿黄山	zh	a	0x2
绿黄瓜	zh	a	0x2
绿黄酒	zh	a	0x2
绿龙虾	zh	a	0x2
编辑	zh	n	0x0
网球	zh	n	0x0
网站	zh	n	0x0
网络	zh	n	0x0
网页	zh	n	0x0
羊	zh	n	0x0
羊排	zh	n	0x0
羊肉	zh	n	0x0
美	zh	ns	0x0
美U盘	zh	ns	0x0
美一月	zh	ns	0x0
美三月	zh	ns	0x0
美丝瓜	zh	ns	0x0
美主管	zh	ns	0x0
美乘客	zh	ns	0x0
美九月	zh	ns	0x0
美二月	zh	ns	0x0
美二胡	zh	ns	0x0
美儿子	zh	ns	0x0
美八月	zh	ns	0x0
美公正	zh	ns	0x0
美兴奋	zh	ns	0x0
美冬瓜	zh	ns	0x0
美冰川	zh	ns	0x0
美决定	zh	ns	0x0
美凌乱	zh	ns	0x0
美凌晨	zh	ns	0x0
美剪刀	zh	ns	0x0
美勺子	zh	ns	0x0
美医学	zh	ns	0x0
美医院	zh	ns	0x0
美半岛	zh	ns	0x0
美卡片	zh	ns	0x0
美厨师	zh	ns	0x0
美发票	zh	ns	0x0
美可乐	zh	ns	0x0
美同学	zh	ns	0x0
美同意	zh	ns	0x0
美后退	zh	ns	0x0
美吵闹	zh	ns	0x0
美咸菜	zh	ns	0x0
美哲学	zh	ns	0x0
美商店	zh	ns	0x0
美嘴巴	zh	ns	0x0
美围巾	zh	ns	0x0
美国	zh	ns	0x0
美土壤	zh	ns	0x0
美地毯	zh	ns	0x0
美地铁	zh	ns	0x0
美地震	zh	ns	0x0
美复杂	zh	ns	0x0
美多云	zh	ns	0x0
美大楼	zh	ns	0x0
美大脑	zh	ns	0x0
美大衣	zh	ns	0x0
美天气	zh	ns	0x0
美天鹅	zh	ns	0x0
美太阳	zh	ns	0x0
美失望	zh	ns	0x0
美女王	zh	n	0x0
美奶奶	zh	ns	0x0
美娃娃	zh	ns	0x0
美学校	zh	ns	0x0
美客厅	zh	ns	0x0
美害怕	zh	ns	0x0
美家庭	zh	ns	0x0
美容师	zh	nr	0x0
美寂寞	zh	ns	0x0
美少年	zh	m	0x8
美尖的	zh	j	0xB
美山药	zh	ns	0x0
美巴黎	zh	ns	0x0
美希望	zh	ns	0x0
美平原	zh	ns	0x0
美平板	zh	ns	0x0
美年糕	zh	ns	0x0
美德	zh	ns	0x0
美德国	zh	ns	0x0
美恐惧	zh	ns	0x0
美悉尼	zh	ns	0x0
美惊讶	zh	ns	0x0
美愤怒	zh	ns	0x0
美戒指	zh	ns	0x0
美战争	zh	ns	0x0
美打雷	zh	ns	0x0
美报纸	zh	ns	0x0
美担心	zh	ns	0x0
美拖鞋	zh	ns	0x0
美指甲	zh	ns	0x0
美排球	zh	ns	0x0
美教育	zh	ns	0x0
美整齐	zh	ns	0x0
美文学	zh	ns	0x0
美方形	zh	ns	0x0
美早上	zh	ns	0x0
美明亮	zh	ns	0x0
美星期	zh	ns	0x0
美春天	zh	ns	0x0
美晴天	zh	ns	0x0
美曲线	zh	ns	0x0
美朋友	zh	ns	0x0
美本子	zh	ns	0x0
美术	zh	n	0x0
美杂志	zh	ns	0x0
美杯子	zh	ns	0x0
美枇杷	zh	ns	0x0
美枕头	zh	ns	0x0
美果酱	zh	ns	0x0
美柠檬	zh	ns	0x0
美柿子	zh	ns	0x0
美桑葚	zh	ns	0x0
美椅子	zh	ns	0x0
美榨菜	zh	ns	0x0
美汤圆	zh	ns	0x0
美沙子	zh	ns	0x0
美沙拉	zh	ns	0x0
美河马	zh	ns	0x0
美法官	zh	ns	0x0
美海豚	zh	ns	0x0
美深夜	zh	ns	0x0
美深色	zh	ns	0x0
美游艇	zh	ns	0x0
美火焰	zh	ns	0x0
美烟花	zh	ns	0x0
美烤鱼	zh	ns	0x0
美熊猫	zh	ns	0x0
美特别	zh	ns	0x0
美狐狸	zh	ns	0x0
美猪肉	zh	ns	0x0
美猴子	zh	ns	0x0
美玩具	zh	ns	0x0
美生物	zh	ns	0x0
美电工	zh	ns	0x0
美电脑	zh	ns	0x0
美男人	zh	ns	0x0
美痛苦	zh	ns	0x0
美白天	zh	ns	0x0
美白色	zh	ns	0x0
美白酒	zh	ns	0x0
美盒子	zh	ns	0x0
美直线	zh	ns	0x0
美眉毛	zh	ns	0x0
美眼睛	zh	ns	0x0
美砧板	zh	ns	0x0
美礼物	zh	ns	0x0
美福州	zh	ns	0x0
美立体	zh	ns	0x0
美竹笋	zh	ns	0x0
美粗的	zh	j	0xB
美粽子	zh	ns	0x0
美红色	zh	ns	0x0
美细的	zh	a	0x2
美经理	zh	ns	0x0
美绝望	zh	ns	0x0
美继续	zh	ns	0x0
美绷带	zh	ns	0x0
美绿色	zh	ns	0x0
美网站	zh	ns	0x0
美网页	zh	ns	0x0
美羊肉	zh	ns	0x0
美美术	zh	ns	0x0
美羞愧	zh	ns	0x0
美老师	zh	ns	0x0
美老鹰	zh	ns	0x0
美腐竹	zh	ns	0x0
美自由	zh	ns	0x0
美舌头	zh	ns	0x0
美芋头	zh	ns	0x0
美花园	zh	ns	0x0
美苏州	zh	ns	0x0
美草莓	zh	ns	0x0
美葡萄	zh	ns	0x0
美蓝色	zh	ns	0x0
美蛋糕	zh	ns	0x0
美蜘蛛	zh	ns	0x0
美蜜蜂	zh	ns	0x0
美血管	zh	ns	0x0
美街道	zh	ns	0x0
美衣服	zh	ns	0x0
美裙子	zh	ns	0x0
美西安	zh	ns	0x0
美西瓜	zh	ns	0x0
美记者	zh	ns	0x0
美证书	zh	ns	0x0
美超市	zh	ns	0x0
美路人	zh	ns	0x0
美透明	zh	ns	0x0
美道歉	zh	ns	0x0
美邻居	zh	ns	0x0
美酸奶	zh	ns	0x0
美重要	zh	ns	0x0
美钢琴	zh	ns	0x0
美铲子	zh	ns	0x0
美长城	zh	ns	0x0
美长沙	zh	ns	0x0
美阿姨	zh	ns	0x0
美隧道	zh	ns	0x0
美难看	zh	ns	0x0
美雕塑	zh	ns	0x0
美雪花	zh	ns	0x0
美霜冻	zh	ns	0x0
美青岛	zh	ns	0x0
美项链	zh	ns	0x0
美顾问	zh	ns	0x0
美香肠	zh	ns	0x0
美骨头	zh	ns	0x0
美高兴	zh	ns	0x0
美鸭蛋	zh	ns	0x0
美鹅蛋	zh	ns	0x0
美黄山	zh	ns	0x0
美黄瓜	zh	ns	0x0
美黄酒	zh	ns	0x0
美龙虾	zh	ns	0x0
羞愧	zh	a	0x2
羡慕	zh	v	0x1
羽毛球	zh	n	0x0
羽绒服	zh	n	0x0
翻译	zh	v	0x1
老	zh	a	0x2
老人	zh	n	0x0
老师	zh	n	0x0
老板	zh	n	0x0
老虎	zh	nr	0x0
老鹰	zh	nr	0x0
老鼠	zh	n	0x0
考拉	zh	nrt	0x0
耳朵	zh	n	0x0
耳机	zh	n	0x0
耳环	zh	n	0x0
肌肉	zh	n	0x0
肚子	zh	n	0x0
肝	zh	n	0x0
肩膀	zh	n	0x0
肺	zh	n	0x0
肾	zh	zg	0x7
胃	zh	n	0x0
背	zh	v	0x1
胡萝卜	zh	nr	0x0
胶带	zh	n	0x0
胶水	zh	n	0x0
胸口	zh	s	0x5
脏	zh	a	0x2
脖子	zh	n	0x0
脚	zh	n	0x0
脚趾	zh	n	0x0
脸	zh	n	0x0
腊肉	zh	n	0x0
腐竹	zh	n	0x0
腰	zh	n	0x0
腿	zh	n	0x0
膝盖	zh	n	0x0
自由	zh	a	0x2
自行车	zh	n	0x0
自豪	zh	n	0x0
舅舅	zh	n	0x0
舌头	zh	n	0x0
舒适	zh	a	0x2
舞者	zh	n	0x0
艺术	zh	n	0x0
芋头	zh	n	0x0
芒果	zh	n	0x0
花	zh	v	0x1
花园	zh	n	0x0
芹菜	zh	n	0x0
苏州	zh	ns	0x0
苦瓜	zh	n	0x0
英国	zh	ns	0x0
英语	zh	nz	0x0
苹果	zh	n	0x0
茄子	zh	n	0x0
茶	zh	n	0x0
茶几	zh	n	0x0
茼蒿	zh	n	0x0
草	zh	n	0x0
草原	zh	n	0x0
草莓	zh	n	0x0
草鱼	zh	n	0x0
荔枝	zh	n	0x0
药	zh	n	0x0
药店	zh	n	0x0
莫斯科	zh	nr	0x0
莲藕	zh	n	0x0
莴笋	zh	n	0x0
菠菜	zh	n	0x0
菠萝	zh	n	0x0
菱形	zh	n	0x0
菲律宾	zh	ns	0x0
萝卜	zh	n	0x0
营销	zh	vn	0x1
葡萄	zh	n	0x0
葡萄干	zh	ns	0x0
蒜蓉西兰花	zh	n	0x0
蒸	zh	v	0x1
蓝U盘	zh	nr	0x0
蓝一月	zh	nr	0x0
蓝三月	zh	nr	0x0
蓝丝瓜	zh	nr	0x0
蓝主管	zh	nr	0x0
蓝乘客	zh	nr	0x0
蓝九月	zh	nr	0x0
蓝二月	zh	nr	0x0
蓝二胡	zh	nr	0x0
蓝儿子	zh	nr	0x0
蓝八月	zh	nr	0x0
蓝公正	zh	nr	0x0
蓝兴奋	zh	nr	0x0
蓝冬瓜	zh	nr	0x0
蓝冰川	zh	nr	0x0
蓝决定	zh	nr	0x0
蓝凌乱	zh	nr	0x0
蓝凌晨	zh	nr	0x0
蓝剪刀	zh	nr	0x0
蓝勺子	zh	nr	0x0
蓝医学	zh	nr	0x0
蓝医院	zh	nr	0x0
蓝半岛	zh	nr	0x0
蓝卡片	zh	nr	0x0
蓝厨师	zh	nr	0x0
蓝发票	zh	nr	0x0
蓝可乐	zh	nr	0x0
蓝同学	zh	nr	0x0
蓝同意	zh	nr	0x0
蓝后退	zh	nr	0x0
蓝吵闹	zh	nr	0x0
蓝咸菜	zh	nr	0x0
蓝哲学	zh	nr	0x0
蓝商店	zh	nr	0x0
蓝嘴巴	zh	nr	0x0
蓝围巾	zh	nr	0x0
蓝土壤	zh	nr	0x0
蓝地毯	zh	nr	0x0
蓝地铁	zh	nr	0x0
蓝地震	zh	nr	0x0
蓝复杂	zh	nr	0x0
蓝多云	zh	nr	0x0
蓝大楼	zh	nr	0x0
蓝大脑	zh	nr	0x0
蓝大衣	zh	nr	0x0
蓝天气	zh	nr	0x0
蓝天鹅	zh	nr	0x0
蓝太阳	zh	nr	0x0
蓝失望	zh	nr	0x0
蓝女王	zh	nr	0x0
蓝奶奶	zh	nr	0x0
蓝娃娃	zh	nr	0x0
蓝学校	zh	nr	0x0
蓝客厅	zh	nr	0x0
蓝害怕	zh	nr	0x0
蓝家庭	zh	nr	0x0
蓝寂寞	zh	nr	0x0
蓝少年	zh	nr	0x0
蓝尖的	zh	n	0x0
蓝山药	zh	nr	0x0
蓝巴黎	zh	nr	0x0
蓝希望	zh	nr	0x0
蓝平原	zh	nr	0x0
蓝平板	zh	nr	0x0
蓝年糕	zh	nr	0x0
蓝德国	zh	nr	0x0
蓝恐惧	zh	nr	0x0
蓝悉尼	zh	nr	0x0
蓝惊讶	zh	nr	0x0
蓝愤怒	zh	nr	0x0
蓝戒指	zh	nr	0x0
蓝战争	zh	nr	0x0
蓝打雷	zh	nr	0x0
蓝报纸	zh	nr	0x0
蓝担心	zh	nr	0x0
蓝拖鞋	zh	nr	0x0
蓝指甲	zh	nr	0x0
蓝排球	zh	nr	0x0
蓝教育	zh	nr	0x0
蓝整齐	zh	nr	0x0
蓝文学	zh	nr	0x0
蓝方形	zh	nr	0x0
蓝早上	zh	nr	0x0
蓝明亮	zh	nr	0x0
蓝星期	zh	nr	0x0
蓝春天	zh	nr	0x0
蓝晴天	zh	nr	0x0
蓝曲线	zh	nr	0x0
蓝朋友	zh	nr	0x0
蓝本子	zh	n	0x0
蓝杂志	zh	nr	0x0
蓝杯子	zh	nr	0x0
蓝枇杷	zh	nr	0x0
蓝枕头	zh	nr	0x0
蓝果酱	zh	nr	0x0
蓝柠檬	zh	nr	0x0
蓝柿子	zh	nr	0x0
蓝桑葚	zh	nr	0x0
蓝椅子	zh	nr	0x0
蓝榨菜	zh	nr	0x0
蓝汤圆	zh	nr	0x0
蓝沙子	zh	nr	0x0
蓝沙拉	zh	nr	0x0
蓝河马	zh	nr	0x0
蓝法官	zh	nr	0x0
蓝海豚	zh	nr	0x0
蓝深夜	zh	nr	0x0
蓝深色	zh	nr	0x0
蓝游艇	zh	nr	0x0
蓝火焰	zh	nr	0x0
蓝烟花	zh	nr	0x0
蓝烤鱼	zh	nr	0x0
蓝熊猫	zh	nr	0x0
蓝特别	zh	nr	0x0
蓝狐狸	zh	nr	0x0
蓝猪肉	zh	nr	0x0
蓝猴子	zh	nr	0x0
蓝玩具	zh	nr	0x0
蓝生物	zh	nr	0x0
蓝电工	zh	nr	0x0
蓝电脑	zh	nr	0x0
蓝男人	zh	nr	0x0
蓝痛苦	zh	nr	0x0
蓝白天	zh	nr	0x0
蓝白色	zh	n	0x0
蓝白酒	zh	nr	0x0
蓝盒子	zh	nr	0x0
蓝直线	zh	nr	0x0
蓝眉毛	zh	nr	0x0
蓝眼睛	zh	n	0x0
蓝砧板	zh	nr	0x0
蓝礼物	zh	nr	0x0
蓝福州	zh	nr	0x0
蓝立体	zh	nr	0x0
蓝竹笋	zh	nr	0x0
蓝粗的	zh	a	0x2
蓝粽子	zh	nr	0x0
蓝红色	zh	nr	0x0
蓝细的	zh	a	0x2
蓝经理	zh	nr	0x0
蓝绝望	zh	nr	0x0
蓝继续	zh	nr	0x0
蓝绷带	zh	nr	0x0
蓝绿色	zh	nr	0x0
蓝网站	zh	nr	0x0
蓝网页	zh	nr	0x0
蓝羊肉	zh	nr	0x0
蓝美术	zh	nr	0x0
蓝羞愧	zh	nr	0x0
蓝老师	zh	nr	0x0
蓝老鹰	zh	nr	0x0
蓝腐竹	zh	nr	0x0
蓝自由	zh	nr	0x0
蓝舌头	zh	nr	0x0
蓝色	zh	n	0x0
蓝芋头	zh	nr	0x0
蓝花园	zh	nr	0x0
蓝苏州	zh	nr	0x0
蓝草莓	zh	nr	0x0
蓝莓	zh	n	0x0
蓝葡萄	zh	nr	0x0
蓝蓝色	zh	nr	0x0
蓝蛋糕	zh	nr	0x0
蓝蜘蛛	zh	nr	0x0
蓝蜜蜂	zh	nr	0x0
蓝血管	zh	nr	0x0
蓝街道	zh	nr	0x0
蓝衣服	zh	nr	0x0
蓝裙子	zh	nr	0x0
蓝西安	zh	nr	0x0
蓝西瓜	zh	nr	0x0
蓝记者	zh	nr	0x0
蓝证书	zh	nr	0x0
蓝超市	zh	nr	0x0
蓝路人	zh	n	0x0
蓝透明	zh	nr	0x0
蓝道歉	zh	nr	0x0
蓝邻居	zh	nr	0x0
蓝酸奶	zh	nr	0x0
蓝重要	zh	nr	0x0
蓝钢琴	zh	nr	0x0
蓝铲子	zh	nr	0x0
蓝长城	zh	nr	0x0
蓝长沙	zh	nr	0x0
蓝阿姨	zh	nr	0x0
蓝隧道	zh	nr	0x0
蓝难看	zh	nr	0x0
蓝雕塑	zh	nr	0x0
蓝雪花	zh	nr	0x0
蓝霜冻	zh	nr	0x0
蓝青岛	zh	nr	0x0
蓝项链	zh	nr	0x0
蓝顾问	zh	nr	0x0
蓝香肠	zh	nr	0x0
蓝骨头	zh	nr	0x0
蓝高兴	zh	nr	0x0
蓝鸭蛋	zh	nr	0x0
蓝鹅蛋	zh	nr	0x0
蓝黄山	zh	nr	0x0
蓝黄瓜	zh	nr	0x0
蓝黄酒	zh	nr	0x0
蓝龙虾	zh	nr	0x0
薄	zh	a	0x2
薯条	zh	n	0x0
蘑菇	zh	n	0x0
虚拟现实	zh	n	0x0
虾	zh	n	0x0
蚂蚁	zh	n	0x0
蚕豆	zh	n	0x0
蚯蚓	zh	n	0x0
蛇	zh	n	0x0
蛋糕	zh	n	0x0
蜂蜜	zh	n	0x0
蜗牛	zh	n	0x0
蜘蛛	zh	n	0x0
蜜蜂	zh	n	0x0
蜥蜴	zh	n	0x0
蜻蜓	zh	n	0x0
蝴蝶	zh	n	0x0
螳螂	zh	n	0x0
蟹	zh	ng	0x0
血液	zh	n	0x0
血管	zh	n	0x0
街道	zh	n	0x0
衣服	zh	n	0x0
衣架	zh	n	0x0
衣柜	zh	n	0x0
表	zh	v	0x1
衬衫	zh	n	0x0
袋子	zh	n	0x0
袋鼠	zh	n	0x0
袜子	zh	n	0x0
被子	zh	n	0x0
裁判	zh	vn	0x1
裙子	zh	n	0x0
裤子	zh	n	0x0
西安	zh	ns	0x0
西湖	zh	ns	0x0
西班牙	zh	ns	0x0
西瓜	zh	ns	0x0
西红柿炒蛋	zh	nr	0x0
西装	zh	n	0x0
观众	zh	n	0x0
警察	zh	v	0x1
警车	zh	n	0x0
计划	zh	n	0x0
计算机	zh	n	0x0
记者	zh	n	0x0
设计师	zh	n	0x0
证书	zh	n	0x0
诊所	zh	v	0x1
语文	zh	n	0x0
说	zh	v	0x1
读	zh	v	0x1
豆浆	zh	n	0x0
豆皮	zh	n	0x0
豆腐	zh	n	0x0
豆腐脑	zh	n	0x0
豆芽	zh	n	0x0
豆角	zh	n	0x0
豌豆	zh	n	0x0
豹子	zh	n	0x0
贝壳	zh	nr	0x0
购物	zh	n	0x0
走	zh	v	0x1
超市	zh	v	0x1
越南	zh	ns	0x0
足球	zh	n	0x0
跑	zh	v	0x1
路人	zh	n	0x0
路由器	zh	n	0x0
跳	zh	v	0x1
躺	zh	v	0x1
车站	zh	n	0x0
轮椅	zh	n	0x0
轮船	zh	n	0x0
软件	zh	n	0x0
辣椒	zh	n	0x0
运动	zh	vn	0x1
运动员	zh	n	0x0
运动裤	zh	n	0x0
运动鞋	zh	n	0x0
还	zh	d	0x3
进	zh	v	0x1
连衣裙	zh	nr	0x0
迷茫	zh	z	0x7
送	zh	v	0x1
选择	zh	v	0x1
透明	zh	v	0x1
道歉	zh	v	0x1
邻居	zh	v	0x1
郑州	zh	ns	0x0
酸奶	zh	n	0x0
酸菜鱼	zh	n	0x0
醒	zh	v	0x1
重庆	zh	ns	0x0
重要	zh	a	0x2
金色	zh	n	0x0
金融	zh	n	0x0
金针菇	zh	n	0x0
金鱼	zh	n	0x0
针	zh	p	0x5
钟	zh	nr	0x0
钢琴	zh	n	0x0
钥匙	zh	n	0x0
钱包	zh	n	0x0
铁路	zh	n	0x0
铲子	zh	n	0x0
银色	zh	n	0x0
销售	zh	vn	0x1
锅	zh	n	0x0
键盘	zh	n	0x0
镜子	zh	n	0x0
长	zh	a	0x2
长城	zh	ns	0x0
长方形	zh	n	0x0
长江	zh	ns	0x0
长沙	zh	ns	0x0
长的	zh	a	0x2
长颈鹿	zh	n	0x0
门	zh	n	0x0
闪电	zh	v	0x1
间谍	zh	n	0x0
闹钟	zh	n	0x0
阴天	zh	n	0x0
阿姨	zh	nr	0x0
隧道	zh	n	0x0
难看	zh	v	0x1
难过	zh	v	0x1
雕塑	zh	n	0x0
雨	zh	n	0x0
雪	zh	n	0x0
雪花	zh	n	0x0
雷电	zh	n	0x0
雾	zh	n	0x0
雾霾	zh	n	0x0
震惊	zh	v	0x1
霜	zh	n	0x0
霜冻	zh	n	0x0
露珠	zh	n	0x0
青岛	zh	ns	0x0
青年	zh	t	0xA
青梅	zh	nr	0x0
青椒	zh	n	0x0
青椒肉丝	zh	n	0x0
青色	zh	n	0x0
青菜	zh	n	0x0
青蛙	zh	n	0x0
非洲	zh	ns	0x0
面包	zh	n	0x0
面条	zh	n	0x0
靴子	zh	n	0x0
鞋子	zh	n	0x0
韩国	zh	ns	0x0
韭菜	zh	n	0x0
音乐	zh	n	0x0
音箱	zh	n	0x0
项链	zh	n	0x0
顾客	zh	nr	0x0
顾问	zh	nr	0x0
领带	zh	n	0x0
颜色	zh	n	0x0
风	zh	n	0x0
风筝	zh	n	0x0
风衣	zh	n	0x0
飞机	zh	n	0x0
飞机模型	zh	n	0x0
飞行员	zh	n	0x0
餐厅	zh	n	0x0
餐桌	zh	n	0x0
饺子	zh	n	0x0
饼干	zh	n	0x0
馄饨	zh	n	0x0
馒头	zh	n	0x0
首尔	zh	d	0x3
香槟	zh	n	0x0
香肠	zh	n	0x0
香菇	zh	n	0x0
香菜	zh	n	0x0
香蕉	zh	n	0x0
马	zh	n	0x0
马来西亚	zh	ns	0x0
马路	zh	n	0x0
马车	zh	n	0x0
驴	zh	n	0x0
骄傲	zh	a	0x2
骡子	zh	n	0x0
骨头	zh	n	0x0
高	zh	a	0x2
高兴	zh	b	0x2
高原	zh	ns	0x0
高尔夫球	zh	nr	0x0
高速公路	zh	n	0x0
鱼	zh	n	0x0
鲜艳	zh	a	0x2
鲤鱼	zh	nz	0x0
鲨鱼	zh	n	0x0
鲫鱼	zh	n	0x0
鲸鱼	zh	n	0x0
鳄鱼	zh	n	0x0
鸟	zh	zg	0x7
鸡	zh	n	0x0
鸡肉	zh	n	0x0
鸡蛋	zh	n	0x0
鸭	zh	ns	0x0
鸭蛋	zh	n	0x0
鸽子	zh	n	0x0
鹅	zh	n	0x0
鹅蛋	zh	n	0x0
鹌鹑蛋	zh	v	0x1
鹦鹉	zh	n	0x0
鹿	zh	nr	0x0
麦克风	zh	nr	0x0
麻婆豆腐	zh	n	0x0
麻辣烫	zh	z	0x7
麻雀	zh	n	0x0
黄山	zh	ns	0x0
黄河	zh	ns	0x0
黄油	zh	n	0x0
黄瓜	zh	n	0x0
黄色	zh	n	0x0
黄花鱼	zh	nr	0x0
黄酒	zh	n	0x0
黎明	zh	nr	0x0
黑夜	zh	n	0x0
黑暗	zh	z	0x7
黑色	zh	n	0x0
鼓	zh	v	0x1
鼓励	zh	v	0x1
鼠标	zh	n	0x0
鼻子	zh	n	0x0
龙眼	zh	n	0x0
龙虾	zh	nr	0x0
the	en	DT	0x4
be	en	VB	0x1
and	en	CC	0x6
of	en	IN	0x5
in	en	IN	0x5
to	en	TO	0x5
have	en	VB	0x1
it	en	PRP	0x4
he	en	PRP	0x4
for	en	IN	0x5
that	en	IN	0x5
not	en	RB	0x3
you	en	PRP	0x4
with	en	IN	0x5
on	en	IN	0x5
do	en	NN	0x0
they	en	PRP	0x4
say	en	VBP	0x1
by	en	IN	0x5
this	en	DT	0x4
she	en	PRP	0x4
at	en	IN	0x5
but	en	CC	0x6
we	en	PRP	0x4
his	en	PRP$	0x4
from	en	IN	0x5
which	en	WDT	0x4
or	en	CC	0x6
an	en	DT	0x4
will	en	MD	0x7
as	en	IN	0x5
what	en	WP	0x4
would	en	MD	0x7
can	en	MD	0x7
go	en	VB	0x1
their	en	PRP$	0x4
there	en	EX	0x4
who	en	WP	0x4
all	en	DT	0x4
get	en	VBP	0x1
if	en	IN	0x5
her	en	PRP$	0x4
make	en	NN	0x0
my	en	PRP$	0x4
about	en	IN	0x5
one	en	CD	0x8
know	en	NN	0x0
see	en	VB	0x1
so	en	RB	0x3
time	en	NN	0x0
up	en	RP	0x5
take	en	VB	0x1
some	en	DT	0x4
when	en	WRB	0x3
year	en	NN	0x0
could	en	MD	0x7
think	en	VB	0x1
into	en	IN	0x5
its	en	PRP$	0x4
them	en	PRP	0x4
then	en	RB	0x3
two	en	CD	0x8
me	en	PRP	0x4
out	en	IN	0x5
people	en	NNS	0x0
come	en	VBP	0x1
just	en	RB	0x3
your	en	PRP$	0x4
now	en	RB	0x3
him	en	PRP	0x4
no	en	DT	0x4
other	en	JJ	0x2
only	en	RB	0x3
give	en	VBP	0x1
good	en	JJ	0x2
than	en	IN	0x5
like	en	IN	0x5
more	en	JJR	0x2
how	en	WRB	0x3
these	en	DT	0x4
also	en	RB	0x3
any	en	DT	0x4
first	en	JJ	0x2
our	en	PRP$	0x4
very	en	RB	0x3
new	en	JJ	0x2
look	en	NN	0x0
may	en	MD	0x7
want	en	VB	0x1
way	en	NN	0x0
well	en	RB	0x3
should	en	MD	0x7
use	en	VB	0x1
because	en	IN	0x5
day	en	NN	0x0
man	en	NN	0x0
find	en	VBP	0x1
after	en	IN	0x5
here	en	RB	0x3
between	en	IN	0x5
thing	en	NN	0x0
many	en	JJ	0x2
er	en	VBP	0x1
those	en	DT	0x4
down	en	RP	0x5
tell	en	VBP	0x1
yeah	en	RB	0x3
three	en	CD	0x8
back	en	RB	0x3
even	en	RB	0x3
such	en	JJ	0x2
through	en	IN	0x5
over	en	IN	0x5
must	en	MD	0x7
woman	en	NN	0x0
still	en	RB	0x3
us	en	PRP	0x4
child	en	JJ	0x2
life	en	NN	0x0
too	en	RB	0x3
put	en	JJ	0x2
work	en	NN	0x0
own	en	JJ	0x2
last	en	JJ	0x2
oh	en	JJ	0x2
mean	en	JJ	0x2
become	en	NN	0x0
call	en	NN	0x0
mr	en	JJ	0x2
world	en	NN	0x0
government	en	NN	0x0
school	en	NN	0x0
old	en	JJ	0x2
leave	en	VBP	0x1
try	en	VBN	0x1
great	en	JJ	0x2
ask	en	NN	0x0
where	en	WRB	0x3
need	en	NN	0x0
erm	en	VBZ	0x1
feel	en	VB	0x1
seem	en	JJ	0x2
system	en	NN	0x0
same	en	JJ	0x2
state	en	NN	0x0
might	en	MD	0x7
never	en	RB	0x3
case	en	NN	0x0
part	en	NN	0x0
high	en	JJ	0x2
group	en	NN	0x0
something	en	NN	0x0
number	en	NN	0x0
really	en	RB	0x3
most	en	RBS	0x3
yes	en	UH	0xD
another	en	DT	0x4
however	en	RB	0x3
much	en	JJ	0x2
family	en	NN	0x0
show	en	NN	0x0
house	en	NN	0x0
area	en	NN	0x0
company	en	NN	0x0
while	en	IN	0x5
problem	en	NN	0x0
against	en	IN	0x5
again	en	RB	0x3
keep	en	JJ	0x2
student	en	NN	0x0
under	en	IN	0x5
why	en	WRB	0x3
let	en	JJ	0x2
service	en	NN	0x0
big	en	JJ	0x2
place	en	NN	0x0
hand	en	NN	0x0
begin	en	VBP	0x1
country	en	NN	0x0
party	en	NN	0x0
help	en	VBP	0x1
small	en	JJ	0x2
talk	en	VB	0x1
each	en	DT	0x4
turn	en	NN	0x0
every	en	DT	0x4
provide	en	IN	0x5
start	en	JJR	0x2
off	en	IN	0x5
american	en	JJ	0x2
point	en	NN	0x0
different	en	JJ	0x2
hold	en	NN	0x0
week	en	NN	0x0
large	en	JJ	0x2
member	en	NN	0x0
four	en	CD	0x8
always	en	RB	0x3
few	en	JJ	0x2
follow	en	JJ	0x2
end	en	NN	0x0
without	en	IN	0x5
within	en	IN	0x5
local	en	JJ	0x2
during	en	IN	0x5
right	en	JJ	0x2
program	en	NN	0x0
bring	en	NN	0x0
hear	en	VBP	0x1
word	en	NN	0x0
although	en	IN	0x5
question	en	NN	0x0
before	en	IN	0x5
next	en	JJ	0x2
play	en	NN	0x0
fact	en	NN	0x0
run	en	VB	0x1
social	en	JJ	0x2
going	en	VBG	0x1
quite	en	RB	0x3
five	en	CD	0x8
move	en	NNS	0x0
head	en	NN	0x0
night	en	NN	0x0
live	en	JJ	0x2
write	en	NN	0x0
believe	en	VBP	0x1
side	en	NN	0x0
set	en	VBN	0x1
month	en	NN	0x0
today	en	NN	0x0
business	en	NN	0x0
happen	en	VB	0x1
long	en	RB	0x3
important	en	JJ	0x2
eye	en	NN	0x0
home	en	NN	0x0
million	en	CD	0x8
information	en	NN	0x0
power	en	NN	0x0
change	en	NN	0x0
water	en	NN	0x0
pay	en	NN	0x0
room	en	NN	0x0
young	en	JJ	0x2
both	en	DT	0x4
mother	en	RB	0x3
often	en	RB	0x3
interest	en	NN	0x0
national	en	JJ	0x2
money	en	NN	0x0
story	en	NN	0x0
development	en	NN	0x0
book	en	NN	0x0
away	en	RB	0x3
lot	en	JJ	0x2
form	en	NN	0x0
study	en	NN	0x0
level	en	JJ	0x2
second	en	JJ	0x2
job	en	NN	0x0
early	en	JJ	0x2
though	en	IN	0x5
include	en	JJ	0x2
car	en	NN	0x0
issue	en	NN	0x0
london	en	VBZ	0x1
perhaps	en	RB	0x3
kind	en	NN	0x0
policy	en	NN	0x0
council	en	NN	0x0
far	en	RB	0x3
black	en	JJ	0x2
market	en	NN	0x0
court	en	NN	0x0
already	en	RB	0x3
little	en	JJ	0x2
possible	en	JJ	0x2
allow	en	IN	0x5
nothing	en	NN	0x0
meet	en	NN	0x0
since	en	IN	0x5
yet	en	RB	0x3
effect	en	NN	0x0
lead	en	NN	0x0
around	en	IN	0x5
result	en	NN	0x0
friend	en	VBP	0x1
whether	en	IN	0x5
mm	en	NN	0x0
father	en	NN	0x0
idea	en	NN	0x0
sit	en	NN	0x0
john	en	NN	0x0
until	en	IN	0x5
name	en	JJ	0x2
hour	en	NN	0x0
game	en	NN	0x0
stand	en	VBP	0x1
body	en	NN	0x0
line	en	NN	0x0
report	en	VB	0x1
political	en	JJ	0x2
law	en	NN	0x0
among	en	IN	0x5
later	en	RB	0x3
almost	en	RB	0x3
ever	en	RB	0x3
bad	en	JJ	0x2
face	en	NN	0x0
carry	en	VBP	0x1
lose	en	VB	0x1
road	en	NN	0x0
authority	en	NN	0x0
himself	en	PRP	0x4
together	en	RB	0x3
appear	en	VBP	0x1
city	en	NN	0x0
continue	en	VBP	0x1
six	en	CD	0x8
minister	en	NN	0x0
able	en	JJ	0x2
community	en	NN	0x0
produce	en	VBP	0x1
rate	en	NN	0x0
late	en	JJ	0x2
door	en	NN	0x0
once	en	RB	0x3
general	en	JJ	0x2
white	en	JJ	0x2
least	en	JJS	0x2
office	en	NN	0x0
president	en	NN	0x0
learn	en	VBP	0x1
war	en	NN	0x0
real	en	JJ	0x2
offer	en	NN	0x0
team	en	NN	0x0
minute	en	NN	0x0
person	en	NN	0x0
best	en	JJS	0x2
full	en	JJ	0x2
reason	en	NN	0x0
several	en	JJ	0x2
view	en	NN	0x0
consider	en	VBP	0x1
kid	en	NN	0x0
expect	en	VBP	0x1
suggest	en	JJS	0x2
anything	en	NN	0x0
ago	en	JJ	0x2
term	en	NN	0x0
towards	en	NNS	0x0
low	en	JJ	0x2
public	en	JJ	0x2
understand	en	NN	0x0
require	en	NN	0x0
read	en	JJ	0x2
watch	en	JJ	0x2
period	en	NN	0x0
figure	en	NN	0x0
society	en	NN	0x0
centre	en	NN	0x0
parent	en	NN	0x0
police	en	NN	0x0
stop	en	VBD	0x1
add	en	NN	0x0
create	en	NN	0x0
fall	en	NN	0x0
probably	en	RB	0x3
available	en	JJ	0x2
speak	en	JJ	0x2
others	en	NNS	0x0
price	en	NN	0x0
control	en	NN	0x0
action	en	NN	0x0
cost	en	NN	0x0
spend	en	VBP	0x1
process	en	NN	0x0
health	en	NN	0x0
remain	en	VBP	0x1
position	en	NN	0x0
art	en	IN	0x5
remember	en	VB	0x1
course	en	NN	0x0
sure	en	JJ	0x2
history	en	NN	0x0
buy	en	NN	0x0
education	en	NN	0x0
grow	en	VBP	0x1
actually	en	RB	0x3
open	en	JJ	0x2
type	en	NN	0x0
morning	en	NN	0x0
research	en	NN	0x0
subject	en	NN	0x0
walk	en	NN	0x0
programme	en	NN	0x0
moment	en	NN	0x0
win	en	VBP	0x1
girl	en	JJ	0x2
age	en	NN	0x0
guy	en	NN	0x0
britain	en	NN	0x0
food	en	NN	0x0
send	en	VB	0x1
value	en	NN	0x0
order	en	NN	0x0
force	en	NN	0x0
air	en	NN	0x0
matter	en	NN	0x0
act	en	NN	0x0
teacher	en	RB	0x3
receive	en	JJ	0x2
enough	en	RB	0x3
decide	en	VBP	0x1
main	en	JJ	0x2
across	en	IN	0x5
less	en	JJR	0x2
foot	en	JJ	0x2
street	en	NN	0x0
decision	en	NN	0x0
boy	en	NN	0x0
industry	en	NN	0x0
maybe	en	RB	0x3
patient	en	JJ	0x2
toward	en	IN	0x5
mind	en	NN	0x0
class	en	NN	0x0
everything	en	NN	0x0
clear	en	JJ	0x2
love	en	IN	0x5
major	en	JJ	0x2
music	en	NN	0x0
church	en	NN	0x0
including	en	VBG	0x1
themselves	en	PRP	0x4
paper	en	NN	0x0
itself	en	PRP	0x4
describe	en	JJ	0x2
condition	en	NN	0x0
human	en	JJ	0x2
develop	en	VB	0x1
wait	en	JJ	0x2
agree	en	NN	0x0
serve	en	VBP	0x1
economic	en	JJ	0x2
die	en	NN	0x0
reach	en	VBP	0x1
upon	en	IN	0x5
bank	en	NN	0x0
century	en	NN	0x0
sense	en	NN	0x0
build	en	NN	0x0
therefore	en	NN	0x0
section	en	NN	0x0
stay	en	NN	0x0
table	en	JJ	0x2
england	en	NN	0x0
activity	en	NN	0x0
nation	en	NN	0x0
hundred	en	VBD	0x1
plan	en	NN	0x0
cut	en	VBN	0x1
death	en	NN	0x0
college	en	NN	0x0
involve	en	VBP	0x1
someone	en	NN	0x0
building	en	NN	0x0
experience	en	NN	0x0
behind	en	IN	0x5
sort	en	NN	0x0
likely	en	JJ	0x2
staff	en	NN	0x0
kill	en	VB	0x1
return	en	NN	0x0
draw	en	JJ	0x2
particular	en	JJ	0x2
raise	en	NN	0x0
town	en	NN	0x0
care	en	NN	0x0
mrs	en	FW	0x0
international	en	JJ	0x2
language	en	NN	0x0
either	en	RB	0x3
hard	en	JJ	0x2
special	en	JJ	0x2
difficult	en	JJ	0x2
field	en	NN	0x0
certain	en	JJ	0x2
else	en	RB	0x3
particularly	en	RB	0x3
pass	en	VB	0x1
former	en	JJ	0x2
sell	en	NN	0x0
hope	en	NN	0x0
sometimes	en	RB	0x3
management	en	NN	0x0
along	en	IN	0x5
department	en	NN	0x0
committee	en	NN	0x0
product	en	NN	0x0
role	en	NN	0x0
better	en	RBR	0x3
whole	en	JJ	0x2
practice	en	NN	0x0
effort	en	NN	0x0
letter	en	NN	0x0
ground	en	NN	0x0
evidence	en	NN	0x0
meeting	en	NN	0x0
strong	en	JJ	0x2
heart	en	NN	0x0
rather	en	RB	0x3
drug	en	NN	0x0
leader	en	NN	0x0
light	en	JJ	0x2
third	en	JJ	0x2
voice	en	NN	0x0
wife	en	NN	0x0
union	en	NN	0x0
ten	en	VBD	0x1
finally	en	RB	0x3
half	en	JJ	0x2
pull	en	JJ	0x2
land	en	NN	0x0
event	en	NN	0x0
free	en	JJ	0x2
military	en	JJ	0x2
shall	en	MD	0x7
cause	en	VB	0x1
according	en	VBG	0x1
thus	en	RB	0x3
explain	en	NN	0x0
son	en	JJ	0x2
support	en	NN	0x0
stage	en	NN	0x0
lie	en	NN	0x0
range	en	NN	0x0
trade	en	NN	0x0
relationship	en	NN	0x0
accept	en	VBD	0x1
drive	en	JJ	0x2
arm	en	NN	0x0
god	en	NN	0x0
true	en	JJ	0x2
club	en	JJ	0x2
federal	en	JJ	0x2
break	en	NN	0x0
difference	en	NN	0x0
account	en	NN	0x0
thank	en	VBD	0x1
material	en	JJ	0x2
short	en	JJ	0x2
whose	en	WP$	0x4
easy	en	JJ	0x2
situation	en	NN	0x0
model	en	NN	0x0
join	en	NN	0x0
season	en	NN	0x0
record	en	NN	0x0
manager	en	NN	0x0
project	en	NN	0x0
tax	en	NN	0x0
director	en	NN	0x0
example	en	NN	0x0
european	en	JJ	0x2
player	en	NN	0x0
yesterday	en	NN	0x0
base	en	NN	0x0
especially	en	RB	0x3
training	en	VBG	0x1
pick	en	NN	0x0
window	en	NN	0x0
wear	en	JJ	0x2
central	en	JJ	0x2
space	en	NN	0x0
apply	en	NN	0x0
increase	en	VB	0x1
cover	en	NN	0x0
official	en	JJ	0x2
usually	en	RB	0x3
everyone	en	NN	0x0
center	en	NN	0x0
university	en	NN	0x0
couple	en	NN	0x0
site	en	NN	0x0
claim	en	NN	0x0
sir	en	NN	0x0
hit	en	VBD	0x1
indeed	en	RB	0x3
quality	en	JJ	0x2
star	en	NN	0x0
rule	en	NN	0x0
certainly	en	RB	0x3
eat	en	VBD	0x1
similar	en	JJ	0x2
worker	en	NN	0x0
teach	en	NN	0x0
oil	en	NN	0x0
pound	en	NN	0x0
data	en	NNS	0x0
nature	en	NN	0x0
common	en	JJ	0x2
image	en	NN	0x0
necessary	en	JJ	0x2
officer	en	NN	0x0
phone	en	NN	0x0
structure	en	NN	0x0
europe	en	VBP	0x1
contain	en	NN	0x0
unit	en	NN	0x0
method	en	JJ	0x2
hospital	en	JJ	0x2
picture	en	NN	0x0
bed	en	VBD	0x1
movement	en	NN	0x0
piece	en	NN	0x0
detail	en	NN	0x0
recent	en	JJ	0x2
reduce	en	VB	0x1
simply	en	RB	0x3
single	en	JJ	0x2
doctor	en	NN	0x0
date	en	NN	0x0
wall	en	NN	0x0
uk	en	JJ	0x2
news	en	NN	0x0
personal	en	JJ	0x2
seven	en	CD	0x8
test	en	JJS	0x2
establish	en	VB	0x1
movie	en	NN	0x0
north	en	JJ	0x2
eight	en	CD	0x8
computer	en	NN	0x0
private	en	JJ	0x2
herself	en	PRP	0x4
approach	en	VBP	0x1
amount	en	JJ	0x2
bit	en	NN	0x0
technology	en	NN	0x0
catch	en	VBP	0x1
wish	en	JJ	0x2
scheme	en	JJ	0x2
step	en	NN	0x0
baby	en	RB	0x3
award	en	JJ	0x2
attention	en	NN	0x0
seek	en	NN	0x0
achieve	en	VBP	0x1
chapter	en	NN	0x0
film	en	NN	0x0
choose	en	JJ	0x2
republican	en	JJ	0x2
deal	en	NN	0x0
organization	en	NN	0x0
theory	en	NN	0x0
tree	en	JJ	0x2
property	en	NN	0x0
source	en	NN	0x0
poor	en	JJ	0x2
red	en	VBD	0x1
nearly	en	RB	0x3
wide	en	JJ	0x2
south	en	JJ	0x2
financial	en	JJ	0x2
hair	en	NN	0x0
twenty	en	NN	0x0
firm	en	NN	0x0
application	en	NN	0x0
cos	en	NNS	0x0
listen	en	VBP	0x1
production	en	NN	0x0
soon	en	RB	0x3
board	en	NN	0x0
culture	en	NN	0x0
billion	en	CD	0x8
king	en	VBG	0x1
chance	en	NN	0x0
secretary	en	NN	0x0
brother	en	NN	0x0
energy	en	NN	0x0
fail	en	VBP	0x1
realize	en	VB	0x1
opportunity	en	NN	0x0
operation	en	NN	0x0
summer	en	NN	0x0
share	en	NN	0x0
foreign	en	JJ	0x2
lord	en	NN	0x0
agreement	en	NN	0x0
plant	en	NN	0x0
simple	en	NN	0x0
contract	en	NN	0x0
concerned	en	JJ	0x2
choice	en	NN	0x0
thousand	en	CD	0x8
security	en	NN	0x0
daughter	en	NN	0x0
occur	en	VBP	0x1
administration	en	NN	0x0
david	en	NN	0x0
husband	en	NN	0x0
congress	en	NN	0x0
election	en	NN	0x0
floor	en	NN	0x0
future	en	NN	0x0
campaign	en	NN	0x0
used	en	VBN	0x1
colour	en	JJ	0x2
population	en	NN	0x0
various	en	JJ	0x2
rise	en	NN	0x0
economy	en	NN	0x0
represent	en	VBP	0x1
medical	en	JJ	0x2
close	en	RB	0x3
shop	en	JJ	0x2
loss	en	NN	0x0
clearly	en	RB	0x3
risk	en	NN	0x0
evening	en	VBG	0x1
animal	en	JJ	0x2
current	en	JJ	0x2
fire	en	NN	0x0
standard	en	NN	0x0
purpose	en	NN	0x0
wrong	en	JJ	0x2
benefit	en	NN	0x0
defense	en	NN	0x0
behavior	en	NN	0x0
page	en	NN	0x0
anyone	en	NN	0x0
fine	en	JJ	0x2
discuss	en	NN	0x0
myself	en	PRP	0x4
west	en	JJS	0x2
factor	en	NN	0x0
sport	en	NN	0x0
per	en	IN	0x5
prove	en	NN	0x0
rest	en	NN	0x0
argue	en	NN	0x0
charge	en	NN	0x0
performance	en	NN	0x0
fight	en	NN	0x0
pattern	en	NN	0x0
throw	en	VB	0x1
present	en	JJ	0x2
top	en	JJ	0x2
design	en	NN	0x0
quickly	en	RB	0x3
past	en	JJ	0x2
goal	en	NN	0x0
royal	en	NN	0x0
april	en	NN	0x0
author	en	NN	0x0
enjoy	en	VBP	0x1
despite	en	IN	0x5
fill	en	JJ	0x2
pressure	en	NN	0x0
focus	en	NN	0x0
knowledge	en	NN	0x0
drop	en	NN	0x0
june	en	NN	0x0
blood	en	NN	0x0
agency	en	NN	0x0
basis	en	NN	0x0
march	en	NN	0x0
push	en	NN	0x0
further	en	RB	0x3
color	en	NN	0x0
size	en	NN	0x0
introduce	en	NN	0x0
recently	en	RB	0x3
series	en	NN	0x0
garden	en	NN	0x0
store	en	NN	0x0
environment	en	NN	0x0
sound	en	JJ	0x2
note	en	NN	0x0
success	en	NN	0x0
enter	en	NN	0x0
near	en	IN	0x5
analysis	en	NN	0x0
arrive	en	JJ	0x2
natural	en	JJ	0x2
thought	en	VBN	0x1
ensure	en	VB	0x1
region	en	NN	0x0
list	en	NN	0x0
race	en	NN	0x0
concern	en	NN	0x0
statement	en	NN	0x0
relation	en	NN	0x0
significant	en	JJ	0x2
hot	en	JJ	0x2
sea	en	NN	0x0
principle	en	JJ	0x2
demand	en	NN	0x0
labour	en	JJ	0x2
response	en	NN	0x0
dead	en	JJ	0x2
refer	en	NN	0x0
capital	en	NN	0x0
decade	en	NN	0x0
round	en	NN	0x0
tv	en	NN	0x0
article	en	NN	0x0
hotel	en	NN	0x0
shoot	en	NN	0x0
above	en	IN	0x5
east	en	FW	0x0
forward	en	RB	0x3
save	en	VBP	0x1
village	en	NN	0x0
artist	en	NN	0x0
station	en	NN	0x0
nine	en	CD	0x8
individual	en	JJ	0x2
scene	en	NN	0x0
attempt	en	NN	0x0
stock	en	NN	0x0
career	en	NN	0x0
feature	en	NN	0x0
association	en	JJ	0x2
income	en	NN	0x0
treatment	en	NN	0x0
beyond	en	IN	0x5
happy	en	JJ	0x2
relate	en	NN	0x0
exactly	en	RB	0x3
following	en	VBG	0x1
cup	en	NN	0x0
protect	en	JJ	0x2
nice	en	JJ	0x2
organisation	en	NN	0x0
manage	en	NN	0x0
dog	en	NN	0x0
affect	en	VBP	0x1
fund	en	NN	0x0
serious	en	JJ	0x2
identify	en	JJ	0x2
media	en	NNS	0x0
please	en	VBP	0x1
ready	en	JJ	0x2
sign	en	NN	0x0
whatever	en	WDT	0x4
difficulty	en	NN	0x0
machine	en	NN	0x0
modern	en	JJ	0x2
degree	en	JJ	0x2
legal	en	JJ	0x2
answer	en	NN	0x0
scotland	en	NN	0x0
cell	en	NN	0x0
resource	en	NN	0x0
growth	en	NN	0x0
left	en	VBD	0x1
mile	en	NN	0x0
compare	en	NN	0x0
determine	en	VB	0x1
lady	en	JJ	0x2
prepare	en	JJ	0x2
disease	en	NN	0x0
whom	en	WP	0x4
final	en	JJ	0x2
recognize	en	NN	0x0
task	en	NN	0x0
function	en	NN	0x0
ability	en	NN	0x0
provision	en	NN	0x0
county	en	NN	0x0
indicate	en	VBP	0x1
character	en	NN	0x0
behaviour	en	NN	0x0
defence	en	NN	0x0
style	en	NN	0x0
wonder	en	VBP	0x1
attack	en	NN	0x0
st	en	NN	0x0
obtain	en	VB	0x1
science	en	NN	0x0
television	en	NN	0x0
announce	en	NN	0x0
box	en	NN	0x0
feeling	en	VBG	0x1
pretty	en	JJ	0x2
everybody	en	NN	0x0
hall	en	NN	0x0
skill	en	VB	0x1
physical	en	JJ	0x2
horse	en	NN	0x0
lay	en	VBD	0x1
user	en	JJ	0x2
message	en	NN	0x0
outside	en	JJ	0x2
nor	en	CC	0x6
normal	en	JJ	0x2
forget	en	NN	0x0
peter	en	NN	0x0
sex	en	NN	0x0
investment	en	NN	0x0
lawyer	en	NN	0x0
army	en	IN	0x5
environmental	en	JJ	0x2
dr	en	JJ	0x2
glass	en	NN	0x0
suffer	en	VBP	0x1
sister	en	NN	0x0
pm	en	VBP	0x1
previous	en	JJ	0x2
maintain	en	NN	0x0
professor	en	NN	0x0
crime	en	NN	0x0
publish	en	JJ	0x2
france	en	NN	0x0
ok	en	JJ	0x2
responsibility	en	NN	0x0
total	en	JJ	0x2
argument	en	NN	0x0
miss	en	VBD	0x1
anyway	en	RB	0x3
avoid	en	JJ	0x2
bill	en	NN	0x0
prime	en	JJ	0x2
express	en	NN	0x0
gun	en	NN	0x0
suppose	en	JJ	0x2
blue	en	JJ	0x2
finish	en	JJ	0x2
element	en	NN	0x0
strategy	en	NN	0x0
duty	en	NN	0x0
july	en	NN	0x0
tend	en	VBP	0x1
truth	en	NN	0x0
leg	en	NN	0x0
song	en	NN	0x0
democratic	en	JJ	0x2
park	en	NN	0x0
check	en	NN	0x0
suddenly	en	RB	0x3
title	en	VBZ	0x1
treat	en	NN	0x0
dark	en	NN	0x0
throughout	en	IN	0x5
discussion	en	NN	0x0
generally	en	RB	0x3
laugh	en	JJ	0x2
aspect	en	JJ	0x2
guess	en	NN	0x0
executive	en	NN	0x0
industrial	en	JJ	0x2
chairman	en	NN	0x0
remove	en	VB	0x1
hang	en	NN	0x0
visit	en	NN	0x0
entire	en	JJ	0x2
rock	en	NN	0x0
sorry	en	NN	0x0
sun	en	NN	0x0
united	en	JJ	0x2
exist	en	NN	0x0
river	en	NN	0x0
paul	en	NN	0x0
customer	en	NN	0x0
institution	en	NN	0x0
encourage	en	NN	0x0
network	en	NN	0x0
specific	en	JJ	0x2
appropriate	en	JJ	0x2
profit	en	NN	0x0
religious	en	JJ	0x2
cold	en	JJ	0x2
reflect	en	NN	0x0
assume	en	NN	0x0
admit	en	VBP	0x1
stone	en	NN	0x0
measure	en	NN	0x0
conference	en	NN	0x0
green	en	JJ	0x2
division	en	NN	0x0
memory	en	NN	0x0
card	en	NN	0x0
smile	en	JJ	0x2
replace	en	VB	0x1
seat	en	NN	0x0
post	en	NN	0x0
george	en	NN	0x0
procedure	en	NN	0x0
commission	en	NN	0x0
trial	en	NN	0x0
expert	en	NN	0x0
proposal	en	NN	0x0
spring	en	NN	0x0
unless	en	IN	0x5
mention	en	NN	0x0
democrat	en	NN	0x0
improve	en	VB	0x1
radio	en	NN	0x0
circumstance	en	NN	0x0
client	en	NN	0x0
obviously	en	RB	0x3
imagine	en	JJ	0x2
sector	en	NN	0x0
direction	en	NN	0x0
tonight	en	VBD	0x1
basic	en	JJ	0x2
huge	en	JJ	0x2
ball	en	NN	0x0
soviet	en	JJ	0x2
successful	en	JJ	0x2
yourself	en	PRP	0x4
intend	en	VBP	0x1
original	en	JJ	0x2
impact	en	JJ	0x2
attitude	en	NN	0x0
respond	en	NN	0x0
aware	en	JJ	0x2
discover	en	IN	0x5
popular	en	JJ	0x2
traditional	en	JJ	0x2
onto	en	IN	0x5
reveal	en	NN	0x0
de	en	IN	0x5
germany	en	FW	0x0
weapon	en	FW	0x0
employee	en	NN	0x0
cultural	en	JJ	0x2
employment	en	NN	0x0
peace	en	NN	0x0
hon	en	NN	0x0
refuse	en	NN	0x0
pain	en	NN	0x0
prevent	en	JJ	0x2
october	en	NNP	0x0
affair	en	NN	0x0
appeal	en	NN	0x0
shake	en	VB	0x1
fly	en	JJ	0x2
heavy	en	JJ	0x2
interview	en	NN	0x0
regard	en	NN	0x0
chair	en	NN	0x0
fish	en	JJ	0x2
professional	en	JJ	0x2
holiday	en	NN	0x0
camera	en	NN	0x0
technique	en	NN	0x0
item	en	NN	0x0
medium	en	NN	0x0
politics	en	NNS	0x0
pupil	en	VBP	0x1
perform	en	JJ	0x2
version	en	NN	0x0
weight	en	NN	0x0
candidate	en	NN	0x0
okay	en	IN	0x5
direct	en	JJ	0x2
press	en	NN	0x0
advice	en	NN	0x0
trip	en	NN	0x0
inside	en	IN	0x5
september	en	JJ	0x2
sales	en	NNS	0x0
library	en	JJ	0x2
adult	en	NN	0x0
advantage	en	NN	0x0
operate	en	NN	0x0
worry	en	NN	0x0
surface	en	NN	0x0
america	en	VBP	0x1
immediately	en	RB	0x3
deep	en	JJ	0x2
worth	en	NN	0x0
edge	en	NN	0x0
variety	en	NN	0x0
writer	en	NN	0x0
james	en	NNS	0x0
trouble	en	NN	0x0
island	en	NN	0x0
challenge	en	NN	0x0
january	en	JJ	0x2
fear	en	NN	0x0
shoulder	en	NN	0x0
useful	en	JJ	0x2
depend	en	NN	0x0
middle	en	NN	0x0
sunday	en	JJ	0x2
majority	en	NN	0x0
dream	en	NN	0x0
extent	en	NN	0x0
bar	en	NN	0x0
enable	en	JJ	0x2
beautiful	en	JJ	0x2
competition	en	NN	0x0
instead	en	RB	0x3
parliament	en	JJ	0x2
goods	en	NNS	0x0
speaker	en	NN	0x0
stuff	en	NN	0x0
complete	en	JJ	0x2
access	en	NN	0x0
richard	en	NN	0x0
somebody	en	NN	0x0
magazine	en	NN	0x0
text	en	NN	0x0
soldier	en	JJR	0x2
thirty	en	JJ	0x2
easily	en	RB	0x3
sexual	en	JJ	0x2
effective	en	JJ	0x2
bag	en	NN	0x0
western	en	JJ	0x2
heat	en	JJ	0x2
payment	en	NN	0x0
york	en	NN	0x0
marriage	en	NN	0x0
mouth	en	NN	0x0
ah	en	IN	0x5
tough	en	JJ	0x2
independent	en	JJ	0x2
sing	en	VBG	0x1
facility	en	NN	0x0
survey	en	NN	0x0
reference	en	JJ	0x2
german	en	JJ	0x2
realise	en	NN	0x0
context	en	NN	0x0
skin	en	NN	0x0
agent	en	NN	0x0
scottish	en	JJ	0x2
owner	en	NN	0x0
earlier	en	RBR	0x3
extend	en	VBP	0x1
gas	en	NN	0x0
ahead	en	RB	0x3
importance	en	JJ	0x2
earth	en	NN	0x0
generation	en	NN	0x0
commercial	en	JJ	0x2
address	en	NN	0x0
object	en	JJ	0x2
cancer	en	NN	0x0
possibility	en	NN	0x0
involved	en	VBN	0x1
interesting	en	JJ	0x2
reality	en	NN	0x0
coach	en	NN	0x0
means	en	VBZ	0x1
notice	en	JJ	0x2
yard	en	RB	0x3
beat	en	NN	0x0
planning	en	VBG	0x1
violence	en	NN	0x0
collection	en	NN	0x0
communication	en	NN	0x0
ireland	en	NN	0x0
fifty	en	NN	0x0
considerable	en	JJ	0x2
finger	en	NN	0x0
arise	en	VB	0x1
species	en	NNS	0x0
fit	en	JJ	0x2
partner	en	NN	0x0
supply	en	NN	0x0
positive	en	JJ	0x2
civil	en	JJ	0x2
examine	en	NN	0x0
kitchen	en	NN	0x0
michael	en	JJ	0x2
consumer	en	NN	0x0
document	en	NN	0x0
define	en	NN	0x0
shot	en	NN	0x0
budget	en	NN	0x0
responsible	en	JJ	0x2
painting	en	VBG	0x1
scientist	en	NN	0x0
safe	en	JJ	0x2
solution	en	NN	0x0
november	en	IN	0x5
december	en	JJ	0x2
influence	en	NN	0x0
existing	en	VBG	0x1
victim	en	NN	0x0
newspaper	en	NN	0x0
software	en	NN	0x0
bear	en	JJ	0x2
threat	en	NN	0x0
opinion	en	NN	0x0
attorney	en	NN	0x0
score	en	NN	0x0
district	en	NN	0x0
bird	en	NN	0x0
wales	en	NNS	0x0
audience	en	NN	0x0
damage	en	NN	0x0
rich	en	JJ	0x2
tomorrow	en	NN	0x0
dinner	en	NN	0x0
recognise	en	NN	0x0
requirement	en	NN	0x0
vote	en	NN	0x0
extra	en	JJ	0x2
travel	en	NN	0x0
debate	en	NN	0x0
citizen	en	JJ	0x2
exchange	en	NN	0x0
quarter	en	NN	0x0
none	en	NN	0x0
option	en	NN	0x0
front	en	NN	0x0
born	en	VBN	0x1
opposition	en	NN	0x0
eventually	en	RB	0x3
occasion	en	JJ	0x2
senior	en	JJ	0x2
highly	en	RB	0x3
arrangement	en	JJ	0x2
wind	en	NN	0x0
key	en	JJ	0x2
mission	en	NN	0x0
target	en	NN	0x0
aid	en	NN	0x0
fast	en	JJ	0x2
alone	en	RB	0x3
match	en	NN	0x0
charles	en	NNS	0x0
railway	en	VBP	0x1
attend	en	JJ	0x2
speech	en	NN	0x0
concept	en	NN	0x0
lack	en	NN	0x0
participant	en	JJ	0x2
corner	en	NN	0x0
southern	en	JJ	0x2
fresh	en	JJ	0x2
forest	en	JJS	0x2
video	en	NN	0x0
global	en	JJ	0x2
mum	en	NN	0x0
senate	en	NN	0x0
slightly	en	RB	0x3
reform	en	VBZ	0x1
gain	en	NN	0x0
fully	en	RB	0x3
restaurant	en	JJ	0x2
judge	en	NN	0x0
scale	en	NN	0x0
equipment	en	NN	0x0
afternoon	en	NN	0x0
release	en	NN	0x0
labor	en	NN	0x0
credit	en	NN	0x0
critical	en	JJ	0x2
male	en	NN	0x0
review	en	NN	0x0
recall	en	VBP	0x1
ii	en	NN	0x0
interested	en	JJ	0x2
stare	en	NN	0x0
safety	en	NN	0x0
otherwise	en	RB	0x3
hill	en	JJ	0x2
neighborhood	en	NN	0x0
hardly	en	RB	0x3
below	en	IN	0x5
status	en	NN	0x0
troop	en	NN	0x0
directly	en	RB	0x3
expression	en	JJ	0x2
hurt	en	NN	0x0
tea	en	NN	0x0
christmas	en	JJ	0x2
sale	en	NN	0x0
track	en	NN	0x0
band	en	NN	0x0
ms	en	NN	0x0
strike	en	NN	0x0
failure	en	NN	0x0
sky	en	NN	0x0
freedom	en	NN	0x0
reader	en	NN	0x0
absolutely	en	RB	0x3
fair	en	JJ	0x2
plane	en	NN	0x0
nobody	en	NN	0x0
essential	en	JJ	0x2
confirm	en	NN	0x0
adopt	en	VB	0x1
powerful	en	JJ	0x2
saturday	en	NN	0x0
perfect	en	JJ	0x2
trust	en	NN	0x0
conduct	en	NN	0x0
completely	en	RB	0x3
conversation	en	NN	0x0
touch	en	JJ	0x2
farm	en	NN	0x0
sentence	en	NN	0x0
smith	en	NN	0x0
file	en	NN	0x0
oxford	en	NN	0x0
primary	en	JJ	0x2
sleep	en	RB	0x3
obvious	en	JJ	0x2
length	en	NN	0x0
copy	en	NN	0x0
investigation	en	NN	0x0
balance	en	NN	0x0
nuclear	en	JJ	0x2
researcher	en	NN	0x0
branch	en	NN	0x0
conflict	en	NN	0x0
spirit	en	NN	0x0
states	en	NNS	0x0
league	en	VBP	0x1
british	en	JJ	0x2
doubt	en	NN	0x0
train	en	VBP	0x1
accident	en	NN	0x0
camp	en	NN	0x0
february	en	JJ	0x2
brain	en	NN	0x0
william	en	NN	0x0
studio	en	NN	0x0
am	en	VBP	0x1
weekend	en	NN	0x0
dozen	en	NN	0x0
strength	en	NN	0x0
normally	en	RB	0x3
contact	en	JJ	0x2
insurance	en	NN	0x0
battle	en	NN	0x0
beginning	en	VBG	0x1
shape	en	NN	0x0
contribution	en	NN	0x0
transport	en	NN	0x0
african	en	JJ	0x2
cash	en	NN	0x0
crisis	en	NN	0x0
fan	en	NN	0x0
works	en	VBZ	0x1
museum	en	RBS	0x3
stick	en	JJ	0x2
hole	en	NN	0x0
pair	en	NN	0x0
annual	en	JJ	0x2
associate	en	JJ	0x2
vision	en	NN	0x0
marry	en	NN	0x0
chinese	en	JJ	0x2
presence	en	NN	0x0
ship	en	NN	0x0
protection	en	NN	0x0
collect	en	VBP	0x1
slowly	en	RB	0x3
queen	en	JJ	0x2
master	en	NN	0x0
driver	en	NN	0x0
meaning	en	NN	0x0
spot	en	NN	0x0
ice	en	NN	0x0
boat	en	NN	0x0
employ	en	NN	0x0
drink	en	NN	0x0
exercise	en	NN	0x0
consequence	en	NN	0x0
distance	en	NN	0x0
wood	en	NN	0x0
relatively	en	RB	0x3
truck	en	NN	0x0
handle	en	JJ	0x2
robert	en	NN	0x0
august	en	NN	0x0
mountain	en	NN	0x0
relevant	en	NN	0x0
supposed	en	VBD	0x1
apparently	en	RB	0x3
tradition	en	JJ	0x2
winter	en	NN	0x0
speed	en	NN	0x0
route	en	NN	0x0
proportion	en	NN	0x0
consideration	en	NN	0x0
assessment	en	NN	0x0
roll	en	NN	0x0
africa	en	NN	0x0
latter	en	RBR	0x3
emerge	en	NN	0x0
screen	en	JJ	0x2
regional	en	JJ	0x2
fig	en	NN	0x0
resident	en	NN	0x0
hide	en	NN	0x0
mark	en	NN	0x0
gold	en	NN	0x0
separate	en	JJ	0x2
deny	en	NN	0x0
practical	en	JJ	0x2
potential	en	NN	0x0
understanding	en	NN	0x0
aim	en	NN	0x0
danger	en	NN	0x0
progress	en	NN	0x0
path	en	NN	0x0
reaction	en	NN	0x0
crowd	en	NN	0x0
flower	en	NN	0x0
christian	en	JJ	0x2
appoint	en	NN	0x0
apartment	en	NN	0x0
merely	en	RB	0x3
willing	en	JJ	0x2
regular	en	JJ	0x2
link	en	NN	0x0
comment	en	NN	0x0
due	en	JJ	0x2
content	en	JJ	0x2
conclusion	en	NN	0x0
prison	en	NN	0x0
chief	en	JJ	0x2
ride	en	JJ	0x2
guard	en	NN	0x0
terms	en	NNS	0x0
reply	en	VBP	0x1
reporter	en	JJ	0x2
justice	en	NN	0x0
deliver	en	NN	0x0
observe	en	VBP	0x1
etc	en	FW	0x0
belief	en	JJ	0x2
tool	en	NN	0x0
wild	en	JJ	0x2
mhm	en	JJ	0x2
vehicle	en	NN	0x0
flight	en	NN	0x0
settle	en	VB	0x1
ignore	en	NN	0x0
sight	en	JJ	0x2
average	en	JJ	0x2
estate	en	NN	0x0
quick	en	JJ	0x2
leadership	en	NN	0x0
wine	en	NN	0x0
earn	en	VBP	0x1
ring	en	VBG	0x1
bright	en	NN	0x0
henry	en	NN	0x0
propose	en	VBP	0x1
additional	en	JJ	0x2
guest	en	NN	0x0
dad	en	NN	0x0
sample	en	NN	0x0
contribute	en	NN	0x0
possibly	en	RB	0x3
tiny	en	JJ	0x2
block	en	NN	0x0
clothes	en	NNS	0x0
active	en	JJ	0x2
feed	en	NN	0x0
employer	en	NN	0x0
debt	en	NN	0x0
identity	en	NN	0x0
objective	en	VBP	0x1
largely	en	RB	0x3
arrange	en	VBP	0x1
mostly	en	RB	0x3
lesson	en	JJ	0x2
survive	en	JJ	0x2
faith	en	NN	0x0
telephone	en	NN	0x0
carefully	en	RB	0x3
photo	en	JJ	0x2
promote	en	NN	0x0
living	en	NN	0x0
count	en	NN	0x0
mary	en	JJ	0x2
farmer	en	NN	0x0
injury	en	NN	0x0
package	en	NN	0x0
ear	en	JJ	0x2
nevertheless	en	RB	0x3
colleague	en	NN	0x0
complex	en	JJ	0x2
folk	en	NN	0x0
impossible	en	JJ	0x2
concentrate	en	NN	0x0
confidence	en	NN	0x0
lift	en	NN	0x0
mainly	en	RB	0x3
border	en	VBZ	0x1
jump	en	NN	0x0
gather	en	NN	0x0
limit	en	NN	0x0
forty	en	NN	0x0
cry	en	NN	0x0
eg	en	NN	0x0
cross	en	NN	0x0
warm	en	JJ	0x2
visitor	en	NN	0x0
commitment	en	NN	0x0
critic	en	JJ	0x2
plus	en	CC	0x6
volume	en	NN	0x0
insist	en	VBP	0x1
somewhere	en	RB	0x3
currently	en	RB	0x3
french	en	JJ	0x2
legislation	en	NN	0x0
manner	en	NN	0x0
entirely	en	RB	0x3
background	en	IN	0x5
spread	en	NN	0x0
baseball	en	NN	0x0
entry	en	NN	0x0
engine	en	NN	0x0
soft	en	JJ	0x2
egg	en	NN	0x0
edward	en	RB	0x3
cabinet	en	NN	0x0
demonstrate	en	NN	0x0
introduction	en	NN	0x0
anybody	en	NN	0x0
previously	en	RB	0x3
domestic	en	JJ	0x2
murder	en	NN	0x0
gift	en	NN	0x0
religion	en	NN	0x0
editor	en	NN	0x0
prefer	en	VBP	0x1
engage	en	NN	0x0
ordinary	en	JJ	0x2
coffee	en	NN	0x0
extremely	en	RB	0x3
cheap	en	JJ	0x2
threaten	en	NN	0x0
relief	en	NN	0x0
commit	en	NN	0x0
technical	en	JJ	0x2
grant	en	NN	0x0
actual	en	JJ	0x2
female	en	NN	0x0
strange	en	JJ	0x2
youth	en	RB	0x3
repeat	en	NN	0x0
wave	en	VBP	0x1
bus	en	NN	0x0
afraid	en	JJ	0x2
regulation	en	NN	0x0
native	en	JJ	0x2
broad	en	JJ	0x2
wage	en	NN	0x0
wonderful	en	JJ	0x2
row	en	NN	0x0
acquire	en	VB	0x1
thomas	en	NN	0x0
twice	en	RB	0x3
suit	en	NN	0x0
perspective	en	JJ	0x2
fairly	en	RB	0x3
growing	en	VBG	0x1
blow	en	JJ	0x2
construction	en	NN	0x0
meal	en	NN	0x0
excellent	en	JJ	0x2
intelligence	en	NN	0x0
destroy	en	VBD	0x1
internal	en	JJ	0x2
category	en	NN	0x0
cook	en	NN	0x0
tour	en	JJ	0x2
connection	en	NN	0x0
burn	en	NN	0x0
shoe	en	NN	0x0
traffic	en	NN	0x0
football	en	NN	0x0
neighbor	en	NN	0x0
exhibition	en	NN	0x0
grade	en	VBD	0x1
launch	en	JJ	0x2
ec	en	NN	0x0
hey	en	NNS	0x0
mistake	en	VBP	0x1
sheet	en	NN	0x0
equally	en	RB	0x3
location	en	JJ	0x2
bridge	en	NN	0x0
appearance	en	NN	0x0
quiet	en	JJ	0x2
indian	en	JJ	0x2
dress	en	NN	0x0
promise	en	NN	0x0
improvement	en	NN	0x0
description	en	NN	0x0
bone	en	NN	0x0
session	en	NN	0x0
northern	en	JJ	0x2
housing	en	NN	0x0
twelve	en	NN	0x0
combine	en	VBP	0x1
flat	en	JJ	0x2
discipline	en	NN	0x0
contrast	en	NN	0x0
cool	en	JJ	0x2
lip	en	NN	0x0
voter	en	NN	0x0
increasingly	en	RB	0x3
existence	en	JJ	0x2
gentleman	en	NN	0x0
learning	en	VBG	0x1
distribution	en	NN	0x0
hell	en	RB	0x3
dangerous	en	JJ	0x2
proper	en	JJ	0x2
remind	en	NN	0x0
moral	en	JJ	0x2
retain	en	VBP	0x1
famous	en	JJ	0x2
victory	en	NN	0x0
theatre	en	JJ	0x2
academic	en	JJ	0x2
prince	en	NN	0x0
internet	en	NN	0x0
healthy	en	JJ	0x2
loan	en	NN	0x0
code	en	NN	0x0
negative	en	JJ	0x2
representative	en	NN	0x0
japan	en	NN	0x0
historical	en	JJ	0x2
medicine	en	NN	0x0
usual	en	JJ	0x2
unable	en	JJ	0x2
belong	en	NN	0x0
finding	en	VBG	0x1
respect	en	JJ	0x2
attract	en	NN	0x0
grab	en	NN	0x0
classroom	en	NN	0x0
limited	en	VBD	0x1
photograph	en	NN	0x0
formal	en	JJ	0x2
participate	en	JJ	0x2
daily	en	JJ	0x2
writing	en	VBG	0x1
reject	en	JJ	0x2
assess	en	JJ	0x2
knee	en	NN	0x0
joint	en	JJ	0x2
pension	en	NN	0x0
tape	en	NN	0x0
hire	en	NN	0x0
rain	en	NN	0x0
explanation	en	NN	0x0
familiar	en	JJ	0x2
consist	en	JJ	0x2
plate	en	NN	0x0
unemployment	en	NN	0x0
lovely	en	RB	0x3
actor	en	JJ	0x2
conservative	en	JJ	0x2
asset	en	NN	0x0
birth	en	NN	0x0
ie	en	VBP	0x1
ltd	en	JJ	0x2
search	en	NN	0x0
tie	en	NN	0x0
democracy	en	NN	0x0
invite	en	JJ	0x2
eastern	en	JJ	0x2
factory	en	NN	0x0
circle	en	NN	0x0
capacity	en	NN	0x0
device	en	NN	0x0
vary	en	JJ	0x2
bottom	en	NN	0x0
selection	en	NN	0x0
warn	en	VBD	0x1
clean	en	JJ	0x2
finance	en	NN	0x0
surely	en	RB	0x3
impose	en	JJ	0x2
rural	en	JJ	0x2
lean	en	JJ	0x2
neck	en	NN	0x0
intention	en	NN	0x0
plastic	en	NN	0x0
tall	en	NN	0x0
whereas	en	VBP	0x1
initial	en	JJ	0x2
hate	en	NN	0x0
thanks	en	NNS	0x0
examination	en	VBP	0x1
alive	en	JJ	0x2
definition	en	NN	0x0
declare	en	NN	0x0
theater	en	NN	0x0
substantial	en	JJ	0x2
aircraft	en	NN	0x0
chicken	en	NN	0x0
abuse	en	NN	0x0
output	en	NN	0x0
shut	en	VBD	0x1
suitable	en	JJ	0x2
immediate	en	JJ	0x2
map	en	NNS	0x0
fourth	en	JJ	0x2
divide	en	JJ	0x2
welcome	en	NN	0x0
ought	en	MD	0x7
equal	en	VB	0x1
lots	en	NNS	0x0
paris	en	JJ	0x2
literature	en	NN	0x0
reasonable	en	JJ	0x2
offence	en	NN	0x0
desire	en	NN	0x0
leading	en	VBG	0x1
reduction	en	NN	0x0
paint	en	NN	0x0
working	en	VBG	0x1
detailed	en	JJ	0x2
nod	en	JJ	0x2
appointment	en	NN	0x0
fuel	en	NN	0x0
leaf	en	NN	0x0
dry	en	JJ	0x2
russian	en	JJ	0x2
instruction	en	NN	0x0
concentration	en	NN	0x0
overall	en	JJ	0x2
pool	en	NN	0x0
climb	en	NN	0x0
enterprise	en	NN	0x0
sweet	en	NN	0x0
edinburgh	en	NN	0x0
bedroom	en	NN	0x0
salt	en	NN	0x0
expand	en	VBP	0x1
metal	en	NN	0x0
pp	en	NN	0x0
fat	en	NN	0x0
ticket	en	NN	0x0
expensive	en	JJ	0x2
disappear	en	JJ	0x2
recommend	en	NN	0x0
corporate	en	JJ	0x2
correct	en	JJ	0x2
reading	en	NN	0x0
sufficient	en	JJ	0x2
urban	en	JJ	0x2
bottle	en	NN	0x0
mental	en	JJ	0x2
absence	en	NN	0x0
lunch	en	NN	0x0
criticism	en	NN	0x0
educational	en	JJ	0x2
teaching	en	NN	0x0
shout	en	NN	0x0
sugar	en	NN	0x0
irish	en	JJ	0x2
planet	en	NN	0x0
favorite	en	NN	0x0
transfer	en	NN	0x0
explore	en	IN	0x5
error	en	NN	0x0
assembly	en	NN	0x0
enemy	en	NN	0x0
acid	en	NN	0x0
greatest	en	JJS	0x2
straight	en	NN	0x0
surround	en	NN	0x0
athlete	en	JJ	0x2
settlement	en	NN	0x0
scientific	en	JJ	0x2
soul	en	NN	0x0
undertake	en	NN	0x0
module	en	NN	0x0
inc	en	JJ	0x2
panel	en	NN	0x0
totally	en	RB	0x3
mom	en	JJ	0x2
married	en	VBD	0x1
weather	en	JJ	0x2
instrument	en	NN	0x0
whilst	en	NN	0x0
pleasure	en	NN	0x0
predict	en	VBP	0x1
select	en	JJ	0x2
presidential	en	JJ	0x2
channel	en	NN	0x0
emotional	en	JJ	0x2
fee	en	NN	0x0
supreme	en	NN	0x0
pocket	en	NN	0x0
friday	en	NN	0x0
thin	en	JJ	0x2
temperature	en	NN	0x0
beside	en	IN	0x5
poll	en	NN	0x0
surprise	en	NN	0x0
waste	en	NN	0x0
solicitor	en	NN	0x0
frequently	en	RB	0x3
implication	en	JJ	0x2
breath	en	NN	0x0
recognition	en	NN	0x0
institute	en	NN	0x0
component	en	NN	0x0
republic	en	JJ	0x2
minority	en	NN	0x0
seriously	en	RB	0x3
properly	en	RB	0x3
connect	en	VB	0x1
unlikely	en	RB	0x3
partly	en	RB	0x3
elsewhere	en	RB	0x3
double	en	JJ	0x2
necessarily	en	RB	0x3
organize	en	VB	0x1
empty	en	JJ	0x2
household	en	NN	0x0
guide	en	NN	0x0
trail	en	NN	0x0
novel	en	NN	0x0
somehow	en	RB	0x3
jury	en	NN	0x0
nurse	en	JJ	0x2
experiment	en	NN	0x0
iraqi	en	NN	0x0
breast	en	NN	0x0
jack	en	NN	0x0
silence	en	NN	0x0
acknowledge	en	VBP	0x1
secure	en	NN	0x0
sixty	en	JJ	0x2
theme	en	NN	0x0
publication	en	NN	0x0
storm	en	NN	0x0
increased	en	VBD	0x1
expenditure	en	NN	0x0
desk	en	NN	0x0
treaty	en	NN	0x0
slow	en	JJ	0x2
fruit	en	NN	0x0
journey	en	NN	0x0
yellow	en	JJ	0x2
noise	en	NN	0x0
shadow	en	NN	0x0
struggle	en	NN	0x0
conclude	en	NN	0x0
dance	en	NN	0x0
sum	en	JJ	0x2
analyst	en	NN	0x0
organise	en	NN	0x0
imply	en	NN	0x0
being	en	VBG	0x1
illustrate	en	JJ	0x2
monday	en	NN	0x0
captain	en	VBP	0x1
shift	en	NN	0x0
revenue	en	NN	0x0
locate	en	VB	0x1
phase	en	NN	0x0
display	en	NN	0x0
initiative	en	NN	0x0
basically	en	RB	0x3
sequence	en	JJ	0x2
generate	en	NN	0x0
widely	en	RB	0x3
anymore	en	RB	0x3
assumption	en	NN	0x0
curriculum	en	NN	0x0
thinking	en	VBG	0x1
darlington	en	NN	0x0
escape	en	NN	0x0
trend	en	NN	0x0
comfortable	en	JJ	0x2
investor	en	NN	0x0
angry	en	JJ	0x2
crew	en	NN	0x0
gate	en	NN	0x0
investigate	en	NN	0x0
tom	en	NN	0x0
hearing	en	VBG	0x1
cat	en	JJ	0x2
liverpool	en	JJ	0x2
muscle	en	NN	0x0
gallery	en	NN	0x0
notion	en	NN	0x0
capture	en	NN	0x0
closely	en	RB	0x3
chest	en	JJ	0x2
ministry	en	NN	0x0
japanese	en	JJ	0x2
jesus	en	NN	0x0
emphasis	en	NN	0x0
truly	en	RB	0x3
increasing	en	VBG	0x1
neither	en	CC	0x6
thick	en	JJ	0x2
afford	en	NN	0x0
beauty	en	NN	0x0
prospect	en	JJ	0x2
emergency	en	NN	0x0
narrow	en	JJ	0x2
inform	en	NN	0x0
unique	en	JJ	0x2
advise	en	NN	0x0
ethnic	en	JJ	0x2
priority	en	NN	0x0
opening	en	VBG	0x1
stress	en	JJ	0x2
combination	en	NN	0x0
rely	en	RB	0x3
root	en	JJ	0x2
nose	en	RB	0x3
fifteen	en	JJ	0x2
liberal	en	JJ	0x2
appreciate	en	NN	0x0
succeed	en	VB	0x1
setting	en	VBG	0x1
upper	en	JJ	0x2
interpretation	en	NN	0x0
sick	en	JJ	0x2
outcome	en	NN	0x0
tooth	en	NN	0x0
ad	en	NN	0x0
defend	en	NN	0x0
prepared	en	VBD	0x1
alternative	en	JJ	0x2
busy	en	JJ	0x2
wing	en	VBG	0x1
martin	en	JJ	0x2
catholic	en	JJ	0x2
lane	en	NN	0x0
flow	en	NN	0x0
mix	en	VBD	0x1
crown	en	JJ	0x2
coal	en	NN	0x0
approve	en	VB	0x1
bloody	en	NN	0x0
zone	en	CD	0x8
variation	en	NN	0x0
wake	en	NN	0x0
airport	en	NN	0x0
castle	en	NN	0x0
ourselves	en	PRP	0x4
motion	en	VBP	0x1
brown	en	JJ	0x2
apparent	en	JJ	0x2
membership	en	NN	0x0
shirt	en	NN	0x0
pilot	en	NN	0x0
ian	en	JJ	0x2
corp	en	NN	0x0
ultimately	en	RB	0x3
suggestion	en	NN	0x0
persuade	en	NN	0x0
careful	en	JJ	0x2
cope	en	NN	0x0
attractive	en	JJ	0x2
snow	en	JJ	0x2
english	en	JJ	0x2
passage	en	NN	0x0
politician	en	JJ	0x2
steal	en	NN	0x0
incident	en	JJ	0x2
pursue	en	NN	0x0
slip	en	NN	0x0
percentage	en	NN	0x0
meat	en	NN	0x0
funny	en	JJ	0x2
winner	en	NN	0x0
soil	en	NN	0x0
aids	en	NNS	0x0
index	en	NN	0x0
surgery	en	NN	0x0
elect	en	NN	0x0
jew	en	NN	0x0
jewish	en	JJ	0x2
valley	en	NN	0x0
alan	en	NN	0x0
blame	en	VBP	0x1
derive	en	JJ	0x2
estimate	en	NN	0x0
basketball	en	NN	0x0
criterion	en	NN	0x0
usa	en	JJ	0x2
aye	en	JJ	0x2
golf	en	NN	0x0
square	en	NN	0x0
crazy	en	JJ	0x2
vital	en	JJ	0x2
recover	en	NN	0x0
significantly	en	RB	0x3
chain	en	NN	0x0
effectively	en	RB	0x3
specialist	en	JJ	0x2
italy	en	JJ	0x2
characteristic	en	JJ	0x2
governor	en	NN	0x0
lake	en	VBP	0x1
tone	en	NN	0x0
engineering	en	NN	0x0
kick	en	NN	0x0
ancient	en	NN	0x0
pub	en	NN	0x0
rating	en	NN	0x0
golden	en	JJ	0x2
request	en	NN	0x0
foundation	en	NN	0x0
gender	en	NN	0x0
solve	en	VB	0x1
deputy	en	JJ	0x2
landscape	en	NN	0x0
representation	en	NN	0x0
bowl	en	NN	0x0
rare	en	JJ	0x2
frame	en	NN	0x0
australia	en	JJ	0x2
forth	en	JJ	0x2
typical	en	JJ	0x2
except	en	IN	0x5
elderly	en	JJ	0x2
eliminate	en	NN	0x0
manchester	en	NN	0x0
host	en	NN	0x0
observation	en	NN	0x0
ocean	en	JJ	0x2
tony	en	JJ	0x2
creation	en	NN	0x0
iii	en	NN	0x0
producer	en	NN	0x0
impression	en	NN	0x0
meanwhile	en	RB	0x3
neighbour	en	JJ	0x2
capable	en	JJ	0x2
regime	en	NN	0x0
attach	en	NN	0x0
fix	en	JJ	0x2
grand	en	JJ	0x2
fashion	en	NN	0x0
mirror	en	NN	0x0
wash	en	NN	0x0
coast	en	NN	0x0
atmosphere	en	RB	0x3
smart	en	JJ	0x2
mass	en	NN	0x0
revolution	en	NN	0x0
complain	en	NN	0x0
topic	en	NN	0x0
tear	en	IN	0x5
variable	en	JJ	0x2
brief	en	JJ	0x2
distinction	en	NN	0x0
perception	en	NN	0x0
secret	en	JJ	0x2
stephen	en	NN	0x0
mechanism	en	NN	0x0
external	en	JJ	0x2
clause	en	NN	0x0
marketing	en	NN	0x0
championship	en	NN	0x0
tank	en	NN	0x0
defendant	en	JJ	0x2
coverage	en	NN	0x0
iron	en	NN	0x0
aside	en	RB	0x3
servant	en	JJ	0x2
anywhere	en	RB	0x3
roof	en	JJ	0x2
advance	en	NN	0x0
bond	en	NN	0x0
milk	en	NN	0x0
welfare	en	NN	0x0
era	en	NN	0x0
bind	en	NN	0x0
fun	en	NN	0x0
engineer	en	VBP	0x1
beneath	en	NN	0x0
expectation	en	NN	0x0
drawing	en	VBG	0x1
accuse	en	IN	0x5
motor	en	NN	0x0
somewhat	en	RB	0x3
origin	en	VBZ	0x1
pour	en	JJ	0x2
grey	en	NN	0x0
stir	en	JJ	0x2
beach	en	NN	0x0
judgment	en	NN	0x0
negotiation	en	NN	0x0
accompany	en	IN	0x5
beer	en	NN	0x0
establishment	en	NN	0x0
hence	en	NN	0x0
leeds	en	NNS	0x0
nineteen	en	JJ	0x2
liability	en	NN	0x0
ibm	en	NN	0x0
unfortunately	en	RB	0x3
warning	en	VBG	0x1
hero	en	NN	0x0
minor	en	JJ	0x2
height	en	NN	0x0
cloud	en	NN	0x0
constant	en	JJ	0x2
stretch	en	NN	0x0
pleased	en	VBD	0x1
ideal	en	JJ	0x2
expense	en	NN	0x0
seed	en	NN	0x0
surprised	en	VBD	0x1
withdraw	en	JJ	0x2
significance	en	NN	0x0
pepper	en	NN	0x0
severe	en	JJ	0x2
intervention	en	NN	0x0
terrible	en	JJ	0x2
tip	en	NN	0x0
india	en	NN	0x0
cite	en	NN	0x0
prisoner	en	NN	0x0
vegetable	en	JJ	0x2
dish	en	JJ	0x2
palace	en	NN	0x0
vast	en	JJ	0x2
champion	en	NN	0x0
everywhere	en	RB	0x3
gray	en	JJ	0x2
exclude	en	VBP	0x1
eighty	en	JJ	0x2
oppose	en	JJ	0x2
christ	en	NN	0x0
contemporary	en	JJ	0x2
convention	en	NN	0x0
multiple	en	NN	0x0
ninety	en	NN	0x0
afterwards	en	NNS	0x0
switch	en	VBP	0x1
criminal	en	JJ	0x2
core	en	NN	0x0
ill	en	NN	0x0
rush	en	NN	0x0
knock	en	VB	0x1
specifically	en	RB	0x3
justify	en	VB	0x1
tired	en	JJ	0x2
signal	en	JJ	0x2
rail	en	NN	0x0
parish	en	JJ	0x2
diet	en	JJ	0x2
strongly	en	RB	0x3
fewer	en	JJR	0x2
rapidly	en	RB	0x3
comparison	en	JJ	0x2
resolution	en	NN	0x0
abortion	en	NN	0x0
witness	en	IN	0x5
apart	en	RB	0x3
jones	en	NNS	0x0
mine	en	VBP	0x1
barely	en	RB	0x3
china	en	JJ	0x2
emphasize	en	VB	0x1
harry	en	JJ	0x2
plenty	en	NN	0x0
achievement	en	NN	0x0
wednesday	en	NN	0x0
mp	en	VBD	0x1
proud	en	JJ	0x2
co	en	NN	0x0
faculty	en	NN	0x0
ooh	en	NN	0x0
gap	en	NN	0x0
weak	en	JJ	0x2
definitely	en	RB	0x3
occupy	en	JJ	0x2
bomb	en	NN	0x0
permanent	en	JJ	0x2
enormous	en	JJ	0x2
originally	en	RB	0x3
complaint	en	VBP	0x1
massive	en	JJ	0x2
amongst	en	NN	0x0
shock	en	NN	0x0
wheel	en	NN	0x0
decline	en	NN	0x0
invest	en	VBP	0x1
passenger	en	NN	0x0
odd	en	JJ	0x2
cable	en	NN	0x0
grass	en	NN	0x0
via	en	IN	0x5
expose	en	JJ	0x2
column	en	NN	0x0
charity	en	NN	0x0
cream	en	NN	0x0
territory	en	NN	0x0
independence	en	NN	0x0
solid	en	JJ	0x2
crucial	en	JJ	0x2
typically	en	RB	0x3
inner	en	VBP	0x1
hat	en	NNS	0x0
manufacturer	en	NN	0x0
breakfast	en	NN	0x0
celebrate	en	NN	0x0
spain	en	NN	0x0
andrew	en	VBD	0x1
fishing	en	JJ	0x2
permit	en	NN	0x0
brian	en	VBD	0x1
similarly	en	JJ	0x2
corporation	en	NN	0x0
chris	en	NN	0x0
councillor	en	NN	0x0
tenant	en	NN	0x0
inflation	en	NN	0x0
talent	en	NN	0x0
fundamental	en	JJ	0x2
taste	en	NN	0x0
jan	en	NN	0x0
virtually	en	RB	0x3
cast	en	VBD	0x1
sharp	en	JJ	0x2
perfectly	en	RB	0x3
unusual	en	JJ	0x2
convince	en	NN	0x0
quote	en	NN	0x0
dominate	en	NN	0x0
physician	en	JJ	0x2
exception	en	NN	0x0
accommodation	en	NN	0x0
addition	en	NN	0x0
boundary	en	JJ	0x2
creative	en	JJ	0x2
lower	en	JJR	0x2
yorkshire	en	NN	0x0
licence	en	NN	0x0
buyer	en	NN	0x0
gay	en	NN	0x0
abandon	en	VB	0x1
honor	en	JJ	0x2
construct	en	NN	0x0
campus	en	NN	0x0
supporter	en	NN	0x0
anne	en	VBP	0x1
guilty	en	JJ	0x2
formation	en	NN	0x0
compete	en	JJ	0x2
transaction	en	NN	0x0
dispute	en	NN	0x0
inquiry	en	NN	0x0
immigrant	en	JJ	0x2
steve	en	JJ	0x2
kingdom	en	NN	0x0
illegal	en	JJ	0x2
un	en	JJ	0x2
database	en	NN	0x0
hi	en	NN	0x0
dec	en	NN	0x0
ref	en	NN	0x0
interaction	en	NN	0x0
fault	en	NN	0x0
personality	en	NN	0x0
badly	en	RB	0x3
assistance	en	JJ	0x2
phrase	en	NN	0x0
forever	en	RB	0x3
quantity	en	NN	0x0
israeli	en	JJ	0x2
unknown	en	JJ	0x2
naturally	en	RB	0x3
lab	en	VBP	0x1
proceed	en	JJ	0x2
wrap	en	NN	0x0
preparation	en	NN	0x0
tension	en	NN	0x0
interpret	en	JJ	0x2
depression	en	NN	0x0
incorporate	en	NN	0x0
spiritual	en	JJ	0x2
jim	en	NN	0x0
musical	en	JJ	0x2
prayer	en	NN	0x0
secondary	en	JJ	0x2
journalist	en	NN	0x0
metre	en	NN	0x0
dismiss	en	JJ	0x2
suspect	en	NN	0x0
scholar	en	NN	0x0
simon	en	NN	0x0
climate	en	NN	0x0
russia	en	NN	0x0
cheese	en	JJ	0x2
joe	en	NN	0x0
childhood	en	NN	0x0
proceeding	en	VBG	0x1
mike	en	NN	0x0
cigarette	en	NN	0x0
moreover	en	RB	0x3
bread	en	JJ	0x2
subsequent	en	JJ	0x2
currency	en	NN	0x0
graduate	en	NN	0x0
parliamentary	en	JJ	0x2
bbc	en	NN	0x0
alright	en	JJ	0x2
emotion	en	NN	0x0
scream	en	NN	0x0
dramatic	en	JJ	0x2
universe	en	JJ	0x2
alter	en	NN	0x0
deeply	en	RB	0x3
rarely	en	RB	0x3
extension	en	NN	0x0
prosecutor	en	NN	0x0
prize	en	NN	0x0
lucky	en	JJ	0x2
drag	en	NN	0x0
graham	en	NN	0x0
airline	en	NN	0x0
mill	en	NN	0x0
possess	en	JJ	0x2
agenda	en	NN	0x0
tower	en	NN	0x0
bother	en	NN	0x0
yours	en	NN	0x0
arrest	en	VBP	0x1
primarily	en	RB	0x3
jane	en	NN	0x0
premise	en	NN	0x0
coat	en	NN	0x0
involvement	en	NN	0x0
manufacturing	en	NN	0x0
funding	en	NN	0x0
partnership	en	NN	0x0
analyse	en	JJ	0x2
therapy	en	NN	0x0
glasgow	en	NN	0x0
schedule	en	NN	0x0
spokesman	en	NN	0x0
sad	en	JJ	0x2
communist	en	NN	0x0
pollution	en	NN	0x0
constitution	en	NN	0x0
implement	en	JJ	0x2
purchase	en	NN	0x0
gene	en	NN	0x0
unix	en	JJ	0x2
steel	en	NN	0x0
heavily	en	RB	0x3
regarding	en	VBG	0x1
remaining	en	VBG	0x1
visual	en	JJ	0x2
inch	en	NN	0x0
violent	en	NN	0x0
chip	en	NN	0x0
depth	en	JJ	0x2
silent	en	JJ	0x2
assist	en	NN	0x0
self	en	NN	0x0
bike	en	IN	0x5
saving	en	VBG	0x1
perceive	en	JJ	0x2
port	en	NN	0x0
command	en	NN	0x0
dear	en	JJ	0x2
calculate	en	NN	0x0
layer	en	NN	0x0
delivery	en	NN	0x0
string	en	VBG	0x1
quietly	en	RB	0x3
holder	en	RBR	0x3
resolve	en	VB	0x1
slide	en	NN	0x0
boot	en	NN	0x0
wedding	en	VBG	0x1
framework	en	NN	0x0
portion	en	NN	0x0
rose	en	VBD	0x1
advertising	en	NN	0x0
opponent	en	JJ	0x2
poem	en	NN	0x0
obligation	en	NN	0x0
extensive	en	JJ	0x2
glad	en	NN	0x0
transform	en	VB	0x1
agricultural	en	JJ	0x2
net	en	JJ	0x2
alcohol	en	NN	0x0
glance	en	NN	0x0
protein	en	NN	0x0
bend	en	VBP	0x1
unlike	en	IN	0x5
desert	en	NN	0x0
efficient	en	JJ	0x2
maintenance	en	NN	0x0
cop	en	NN	0x0
cycle	en	NN	0x0
arab	en	JJ	0x2
italian	en	JJ	0x2
reckon	en	NN	0x0
spanish	en	JJ	0x2
occasionally	en	RB	0x3
sand	en	VBP	0x1
firmly	en	RB	0x3
print	en	JJ	0x2
restrict	en	NN	0x0
recommendation	en	NN	0x0
preserve	en	NN	0x0
ceo	en	NN	0x0
profession	en	NN	0x0
load	en	NN	0x0
transition	en	NN	0x0
participation	en	NN	0x0
album	en	NN	0x0
bob	en	NN	0x0
philip	en	NN	0x0
restore	en	NN	0x0
mode	en	NN	0x0
gently	en	RB	0x3
bishop	en	VBZ	0x1
lock	en	NN	0x0
opposite	en	JJ	0x2
stairs	en	NNS	0x0
approval	en	NN	0x0
cottage	en	NN	0x0
deserve	en	VB	0x1
consistent	en	JJ	0x2
principal	en	JJ	0x2
resistance	en	NN	0x0
restriction	en	NN	0x0
boss	en	IN	0x5
discovery	en	NN	0x0
wilson	en	NN	0x0
exposure	en	NN	0x0
protest	en	NN	0x0
pose	en	NN	0x0
specify	en	VB	0x1
export	en	NN	0x0
stream	en	NN	0x0
pot	en	NN	0x0
reputation	en	NN	0x0
valuable	en	JJ	0x2
slight	en	JJ	0x2
hello	en	NNS	0x0
regularly	en	RB	0x3
habit	en	VBP	0x1
tale	en	JJ	0x2
knife	en	JJ	0x2
coalition	en	NN	0x0
friendly	en	RB	0x3
abroad	en	RB	0x3
racial	en	JJ	0x2
silver	en	NN	0x0
convert	en	NN	0x0
joke	en	NN	0x0
mexican	en	JJ	0x2
countryside	en	NN	0x0
symptom	en	NN	0x0
sudden	en	JJ	0x2
empire	en	NN	0x0
autumn	en	NN	0x0
philosophy	en	NN	0x0
conventional	en	JJ	0x2
potato	en	NN	0x0
trading	en	NN	0x0
relative	en	JJ	0x2
recovery	en	NN	0x0
online	en	NN	0x0
thursday	en	JJ	0x2
submit	en	NN	0x0
seventy	en	NN	0x0
urge	en	NN	0x0
dust	en	NN	0x0
voluntary	en	JJ	0x2
breathe	en	NN	0x0
distinguish	en	JJ	0x2
investigator	en	NN	0x0
inspector	en	NN	0x0
jacket	en	NN	0x0
creature	en	NN	0x0
proposed	en	VBN	0x1
constitute	en	JJ	0x2
pack	en	NN	0x0
recession	en	NN	0x0
agriculture	en	NN	0x0
suicide	en	NN	0x0
input	en	VBP	0x1
numerous	en	JJ	0x2
shareholder	en	NN	0x0
plaintiff	en	NN	0x0
substance	en	NN	0x0
shortly	en	RB	0x3
keen	en	JJ	0x2
arrival	en	JJ	0x2
passion	en	NN	0x0
volunteer	en	NN	0x0
worried	en	VBD	0x1
essentially	en	RB	0x3
enforcement	en	JJ	0x2
initially	en	RB	0x3
sauce	en	VBP	0x1
illness	en	JJ	0x2
vs	en	NN	0x0
margaret	en	NN	0x0
priest	en	NN	0x0
amazing	en	VBG	0x1
intense	en	JJ	0x2
electricity	en	NN	0x0
penalty	en	NN	0x0
eleven	en	RB	0x3
inspire	en	VB	0x1
adjust	en	NN	0x0
retire	en	NN	0x0
uncle	en	NN	0x0
kiss	en	VBP	0x1
temporary	en	JJ	0x2
visible	en	JJ	0x2
cap	en	NN	0x0
efficiency	en	NN	0x0
competitive	en	JJ	0x2
frank	en	JJ	0x2
drama	en	NN	0x0
cake	en	VBP	0x1
congressional	en	JJ	0x2
juice	en	NN	0x0
wealth	en	NN	0x0
peak	en	NN	0x0
presentation	en	NN	0x0
whenever	en	WRB	0x3
pale	en	NN	0x0
analyze	en	NN	0x0
laboratory	en	NN	0x0
disaster	en	NN	0x0
th	en	NN	0x0
parking	en	VBG	0x1
owe	en	JJ	0x2
mood	en	NN	0x0
gradually	en	RB	0x3
bay	en	JJ	0x2
enhance	en	NN	0x0
mystery	en	NN	0x0
poverty	en	NN	0x0
promotion	en	NN	0x0
possession	en	NN	0x0
spending	en	NN	0x0
evaluate	en	VB	0x1
dollar	en	NN	0x0
symbol	en	NN	0x0
certificate	en	NN	0x0
maker	en	NN	0x0
wet	en	VBZ	0x1
custom	en	JJ	0x2
accomplish	en	JJ	0x2
angle	en	NN	0x0
tuesday	en	NN	0x0
lewis	en	VBD	0x1
monitor	en	JJ	0x2
entertainment	en	NN	0x0
lee	en	NN	0x0
asian	en	JJ	0x2
bean	en	JJ	0x2
alliance	en	NN	0x0
evaluation	en	NN	0x0
armed	en	VBD	0x1
commander	en	JJ	0x2
dependent	en	JJ	0x2
digital	en	NN	0x0
subsequently	en	RB	0x3
taylor	en	VBZ	0x1
bid	en	NN	0x0
expansion	en	NN	0x0
psychological	en	JJ	0x2
radical	en	JJ	0x2
anger	en	NN	0x0
statutory	en	JJ	0x2
chancellor	en	NN	0x0
approximately	en	RB	0x3
ratio	en	JJ	0x2
pc	en	NN	0x0
missile	en	NN	0x0
disorder	en	NN	0x0
oct	en	IN	0x5
lifespan	en	NN	0x0
false	en	JJ	0x2
wire	en	NN	0x0
sensitive	en	JJ	0x2
transportation	en	NN	0x0
holy	en	NN	0x0
twin	en	NN	0x0
tendency	en	NN	0x0
fixed	en	VBD	0x1
chamber	en	VB	0x1
honour	en	JJ	0x2
elizabeth	en	IN	0x5
deposit	en	NN	0x0
luck	en	NN	0x0
rent	en	NN	0x0
pure	en	NN	0x0
acceptable	en	JJ	0x2
clinic	en	JJ	0x2
veteran	en	NN	0x0
smell	en	NN	0x0
tablespoon	en	NN	0x0
phenomenon	en	VBP	0x1
nervous	en	JJ	0x2
cambridge	en	NN	0x0
tourist	en	NN	0x0
festival	en	JJ	0x2
qualification	en	NN	0x0
toss	en	NN	0x0
adequate	en	JJ	0x2
bury	en	NN	0x0
pray	en	NN	0x0
tomato	en	NN	0x0
butter	en	NN	0x0
rapid	en	JJ	0x2
deficit	en	NN	0x0
awareness	en	NN	0x0
bathroom	en	NN	0x0
frequency	en	NN	0x0
belfast	en	VBD	0x1
electronic	en	JJ	0x2
ally	en	RB	0x3
luke	en	JJ	0x2
ai	en	JJ	0x2
mixture	en	NN	0x0
middlesbrough	en	IN	0x5
smoke	en	NN	0x0
confront	en	JJ	0x2
resist	en	NN	0x0
surprising	en	JJ	0x2
fifth	en	JJ	0x2
toy	en	NN	0x0
absolute	en	NN	0x0
dimension	en	NN	0x0
fellow	en	JJ	0x2
routine	en	JJ	0x2
rough	en	IN	0x5
smooth	en	JJ	0x2
nearby	en	JJ	0x2
remarkable	en	JJ	0x2
peer	en	NN	0x0
precisely	en	RB	0x3
personnel	en	JJ	0x2
designer	en	NN	0x0
maximum	en	JJ	0x2
furniture	en	NN	0x0
brilliant	en	JJ	0x2
educator	en	NN	0x0
belt	en	VBD	0x1
register	en	JJ	0x2
immigration	en	NN	0x0
teaspoon	en	NN	0x0
birthday	en	JJ	0x2
retirement	en	NN	0x0
duke	en	NN	0x0
recording	en	VBG	0x1
pipe	en	JJ	0x2
adam	en	NN	0x0
mere	en	RB	0x3
teenager	en	JJ	0x2
instance	en	NN	0x0
comprehensive	en	JJ	0x2
flag	en	NN	0x0
apple	en	NN	0x0
whisper	en	IN	0x5
landlord	en	NN	0x0
administrative	en	JJ	0x2
corn	en	NN	0x0
throat	en	NN	0x0
dealer	en	NN	0x0
moon	en	NN	0x0
breach	en	NN	0x0
junior	en	JJ	0x2
wooden	en	NN	0x0
swing	en	VBG	0x1
lad	en	JJ	0x2
salary	en	JJ	0x2
cheek	en	NN	0x0
observer	en	NN	0x0
sarah	en	JJ	0x2
equation	en	NN	0x0
dig	en	NN	0x0
eh	en	VBP	0x1
crop	en	NN	0x0
pace	en	NN	0x0
overcome	en	VBP	0x1
behave	en	VBP	0x1
rank	en	JJ	0x2
entrance	en	NN	0x0
anxiety	en	NN	0x0
permission	en	NN	0x0
electric	en	JJ	0x2
literally	en	RB	0x3
enquiry	en	JJ	0x2
embrace	en	NN	0x0
reserve	en	NN	0x0
viewer	en	NN	0x0
pan	en	NN	0x0
consultant	en	NN	0x0
allowance	en	NN	0x0
rome	en	JJ	0x2
mortgage	en	NN	0x0
administrator	en	NN	0x0
carpet	en	NN	0x0
mail	en	NN	0x0
judgement	en	NN	0x0
mayor	en	NN	0x0
scope	en	NN	0x0
pink	en	VBP	0x1
policeman	en	JJ	0x2
platform	en	NN	0x0
curtain	en	NN	0x0
historic	en	JJ	0x2
buck	en	NN	0x0
grandmother	en	NN	0x0
paragraph	en	NN	0x0
cricket	en	NN	0x0
constantly	en	RB	0x3
successfully	en	RB	0x3
continuing	en	VBG	0x1
favor	en	JJ	0x2
journal	en	JJ	0x2
testing	en	VBG	0x1
detect	en	JJ	0x2
consent	en	NN	0x0
stomach	en	NN	0x0
comprise	en	NN	0x0
weigh	en	JJ	0x2
birmingham	en	NN	0x0
install	en	NN	0x0
curve	en	NN	0x0
darkness	en	NN	0x0
recipe	en	NN	0x0
tim	en	NN	0x0
infection	en	NN	0x0
elementary	en	JJ	0x2
literary	en	JJ	0x2
thatcher	en	NN	0x0
aggressive	en	JJ	0x2
nigel	en	NN	0x0
concert	en	NN	0x0
guitar	en	NN	0x0
disk	en	NN	0x0
dna	en	NN	0x0
extreme	en	JJ	0x2
nov	en	JJ	0x2
tube	en	NN	0x0
longer	en	RBR	0x3
presumably	en	RB	0x3
quit	en	VB	0x1
genuine	en	JJ	0x2
guarantee	en	NN	0x0
greatly	en	RB	0x3
latin	en	JJ	0x2
favourite	en	JJ	0x2
jail	en	NN	0x0
briefly	en	NN	0x0
delay	en	NN	0x0
honest	en	JJS	0x2
diversity	en	NN	0x0
palestinian	en	JJ	0x2
sake	en	NN	0x0
relax	en	NNS	0x0
essay	en	VBP	0x1
edition	en	NN	0x0
respondent	en	NN	0x0
circuit	en	NN	0x0
giant	en	NN	0x0
exciting	en	VBG	0x1
negotiate	en	JJ	0x2
historian	en	JJ	0x2
clock	en	NN	0x0
written	en	VBN	0x1
pop	en	JJ	0x2
demonstration	en	NN	0x0
chemical	en	NN	0x0
resign	en	NN	0x0
criticize	en	VB	0x1
bath	en	NN	0x0
differ	en	NN	0x0
adviser	en	NN	0x0
nineteenth	en	JJ	0x2
williams	en	NNS	0x0
advanced	en	VBD	0x1
disability	en	NN	0x0
stupid	en	JJ	0x2
defeat	en	NN	0x0
shell	en	NN	0x0
consumption	en	NN	0x0
classical	en	JJ	0x2
washington	en	NN	0x0
biological	en	JJ	0x2
peasant	en	NN	0x0
province	en	NN	0x0
pause	en	NN	0x0
acquisition	en	NN	0x0
onion	en	NN	0x0
socialist	en	NN	0x0
aunt	en	NN	0x0
brand	en	NN	0x0
commons	en	NNS	0x0
assure	en	VBP	0x1
gloucester	en	NN	0x0
mad	en	NN	0x0
split	en	NN	0x0
criteria	en	NNS	0x0
altogether	en	RB	0x3
utility	en	NN	0x0
confident	en	JJ	0x2
remark	en	NN	0x0
helpful	en	JJ	0x2
highway	en	RB	0x3
clinical	en	JJ	0x2
survival	en	NN	0x0
sink	en	NN	0x0
workshop	en	NN	0x0
lecture	en	NN	0x0
ingredient	en	NN	0x0
occupation	en	NN	0x0
stake	en	NN	0x0
muslim	en	JJ	0x2
fiber	en	NNP	0x0
activist	en	NN	0x0
islamic	en	JJ	0x2
mount	en	NN	0x0
snap	en	JJ	0x2
terrorism	en	NN	0x0
refugee	en	NN	0x0
formula	en	NN	0x0
guidance	en	NN	0x0
ultimate	en	JJ	0x2
statistics	en	NNS	0x0
hip	en	NN	0x0
tail	en	NN	0x0
gear	en	NN	0x0
found	en	VBD	0x1
barrier	en	JJR	0x2
distinct	en	JJ	0x2
assign	en	NN	0x0
compensation	en	NN	0x0
killer	en	NN	0x0
poet	en	NN	0x0
gang	en	NN	0x0
johnson	en	NN	0x0
developing	en	VBG	0x1
supplier	en	JJR	0x2
classic	en	JJ	0x2
scott	en	NN	0x0
ben	en	NN	0x0
israel	en	JJ	0x2
earnings	en	NNS	0x0
label	en	NN	0x0
teen	en	JJ	0x2
widespread	en	JJ	0x2
respectively	en	RB	0x3
vacation	en	NN	0x0
advocate	en	NN	0x0
draft	en	NN	0x0
iraq	en	NN	0x0
extraordinary	en	JJ	0x2
sept	en	NN	0x0
fortune	en	NN	0x0
heaven	en	RB	0x3
yell	en	NNP	0x0
pregnant	en	JJ	0x2
anxious	en	JJ	0x2
distant	en	NN	0x0
satellite	en	NN	0x0
conscious	en	JJ	0x2
personally	en	RB	0x3
tackle	en	JJ	0x2
chocolate	en	NN	0x0
sweep	en	NN	0x0
stable	en	JJ	0x2
canadian	en	JJ	0x2
satisfied	en	JJ	0x2
borrow	en	NN	0x0
ceiling	en	NN	0x0
reasonably	en	RB	0x3
preference	en	NN	0x0
universal	en	JJ	0x2
spin	en	JJ	0x2
button	en	NN	0x0
bell	en	NN	0x0
operating	en	VBG	0x1
clothing	en	NN	0x0
super	en	NN	0x0
pitch	en	NN	0x0
yield	en	NN	0x0
fence	en	NN	0x0
given	en	VBN	0x1
portrait	en	JJ	0x2
indication	en	NN	0x0
roughly	en	RB	0x3
bunch	en	JJ	0x2
concerning	en	VBG	0x1
awful	en	JJ	0x2
lawsuit	en	NN	0x0
testimony	en	NN	0x0
distribute	en	NN	0x0
inevitably	en	RB	0x3
burden	en	JJ	0x2
react	en	NN	0x0
measurement	en	JJ	0x2
cooperation	en	NN	0x0
sam	en	NN	0x0
ceremony	en	NN	0x0
disabled	en	VBD	0x1
communicate	en	JJ	0x2
ownership	en	NN	0x0
lost	en	VBD	0x1
neil	en	JJ	0x2
practitioner	en	NN	0x0
profile	en	IN	0x5
constitutional	en	JJ	0x2
enthusiasm	en	NN	0x0
cease	en	NN	0x0
disagree	en	JJ	0x2
impressive	en	JJ	0x2
satisfaction	en	NN	0x0
remote	en	NN	0x0
resort	en	NN	0x0
destruction	en	NN	0x0
qualify	en	NN	0x0
emphasise	en	NN	0x0
tissue	en	NN	0x0
interval	en	NN	0x0
eighteen	en	JJ	0x2
pant	en	JJ	0x2
princess	en	NN	0x0
stranger	en	NN	0x0
confusion	en	NN	0x0
broken	en	NN	0x0
provided	en	VBD	0x1
sheep	en	JJ	0x2
bet	en	NN	0x0
operator	en	NN	0x0
virus	en	NN	0x0
strategic	en	JJ	0x2
storage	en	NN	0x0
jean	en	NN	0x0
assistant	en	NN	0x0
strengthen	en	NN	0x0
summary	en	JJ	0x2
catalogue	en	NN	0x0
publisher	en	NN	0x0
wipe	en	JJ	0x2
architecture	en	NN	0x0
encounter	en	NN	0x0
patrick	en	NN	0x0
shopping	en	VBG	0x1
cousin	en	NN	0x0
outstanding	en	JJ	0x2
minimum	en	JJ	0x2
blind	en	NN	0x0
joseph	en	NN	0x0
exceed	en	VBP	0x1
dominant	en	JJ	0x2
asia	en	JJ	0x2
genetic	en	JJ	0x2
moscow	en	NNS	0x0
incentive	en	NN	0x0
related	en	VBN	0x1
ken	en	NNS	0x0
slave	en	VBP	0x1
accurate	en	JJ	0x2
ruth	en	NN	0x0
theoretical	en	JJ	0x2
translate	en	NN	0x0
processing	en	NN	0x0
ha	en	NN	0x0
terror	en	NN	0x0
implementation	en	NN	0x0
elite	en	FW	0x0
qv	en	NN	0x0
complicated	en	VBD	0x1
olympic	en	JJ	0x2
alongside	en	RB	0x3
dirt	en	JJ	0x2
bullet	en	NN	0x0
lend	en	VB	0x1
rice	en	NN	0x0
considerably	en	RB	0x3
tight	en	VBD	0x1
bible	en	JJ	0x2
replacement	en	NN	0x0
chart	en	NN	0x0
proof	en	NN	0x0
practise	en	NN	0x0
solar	en	NN	0x0
